date,temperature_2m_max,temperature_2m_min,temperature_2m_mean,precipitation_sum,rain_sum,snowfall_sum,wind_speed_10m_max,wind_gusts_10m_max,wind_direction_10m_dominant,shortwave_radiation_sum,et0_fao_evapotranspiration
2023-05-13,30.3,15.3,22.5,0.0,0.0,0.0,13.5,28.4,211,22.54,4.93
2023-05-14,31.7,16.9,24.5,0.0,0.0,0.0,21.0,37.1,194,25.39,6.04
2023-05-15,32.0,19.4,25.7,0.0,0.0,0.0,19.5,36.7,184,25.58,6.53
2023-05-16,29.7,20.8,25.0,1.2,1.2,0.0,23.0,40.7,178,13.85,4.63
2023-05-17,25.2,20.6,22.2,18.6,18.6,0.0,17.1,30.6,102,9.78,2.06
2023-05-18,28.5,19.4,23.4,0.5,0.5,0.0,20.5,40.3,2,21.52,4.59
2023-05-19,27.2,18.0,23.0,0.0,0.0,0.0,14.6,31.3,110,24.94,5.04
2023-05-20,26.9,20.4,23.5,0.2,0.2,0.0,13.6,28.8,117,10.17,2.46
2023-05-21,27.5,18.4,24.2,5.7,5.7,0.0,20.5,34.6,81,14.04,3.35
2023-05-22,21.1,14.8,17.6,6.7,6.7,0.0,30.7,54.7,347,8.78,2.5
2023-05-23,24.4,12.9,20.0,0.5,0.5,0.0,15.6,32.8,101,24.59,5.13
2023-05-24,21.5,15.3,18.4,14.6,14.6,0.0,20.3,40.0,100,13.82,2.71
2023-05-25,27.5,16.2,22.1,0.0,0.0,0.0,13.3,25.9,134,24.26,4.75
2023-05-26,24.5,21.8,23.2,15.1,15.1,0.0,18.5,36.7,135,10.31,2.06
2023-05-27,30.2,22.2,25.5,1.6,1.6,0.0,17.8,35.6,156,16.91,3.41
2023-05-28,32.3,24.9,27.5,18.4,18.4,0.0,14.3,32.0,195,18.64,3.96
2023-05-29,29.8,23.2,26.2,0.7,0.7,0.0,13.1,27.7,354,14.99,3.29
2023-05-30,26.5,21.5,23.6,0.4,0.4,0.0,14.5,28.1,8,10.17,2.4
2023-05-31,27.0,19.8,23.8,0.3,0.3,0.0,9.0,20.9,37,15.53,3.24
2023-06-01,29.5,20.4,25.3,0.1,0.1,0.0,11.6,25.2,28,23.37,4.94
2023-06-02,32.9,20.5,27.3,0.0,0.0,0.0,21.4,38.2,327,24.45,6.08
2023-06-03,28.2,21.0,24.2,0.0,0.0,0.0,13.6,33.1,15,16.13,4.08
2023-06-04,24.0,18.4,21.9,3.8,3.8,0.0,15.1,28.8,51,11.28,2.88
2023-06-05,19.6,17.2,18.3,26.8,26.8,0.0,10.9,28.1,350,4.79,1.1
2023-06-06,26.6,16.5,21.6,0.2,0.2,0.0,9.2,21.2,161,24.9,4.66
2023-06-07,29.6,19.3,24.6,0.0,0.0,0.0,8.7,18.7,191,20.13,4.07
2023-06-08,31.4,20.6,25.9,0.5,0.5,0.0,15.3,29.5,265,25.29,5.38
2023-06-09,34.2,21.5,28.0,0.0,0.0,0.0,12.7,25.2,222,25.43,5.83
2023-06-10,35.0,23.9,28.7,0.0,0.0,0.0,15.9,32.0,210,24.11,5.81
2023-06-11,32.0,21.8,26.7,0.0,0.0,0.0,14.0,28.1,75,23.72,5.47
2023-06-12,30.0,22.3,26.2,0.0,0.0,0.0,14.2,30.6,99,22.18,5.03
2023-06-13,29.4,22.0,25.4,0.2,0.2,0.0,10.5,18.0,21,15.99,3.69
2023-06-14,32.5,19.9,26.1,0.0,0.0,0.0,12.2,23.4,319,25.15,5.77
2023-06-15,33.3,21.9,28.0,0.0,0.0,0.0,11.2,19.4,128,23.25,5.43
2023-06-16,30.5,25.6,27.4,0.0,0.0,0.0,17.0,31.0,132,11.16,3.92
2023-06-17,25.3,22.1,23.8,12.8,12.8,0.0,13.7,29.5,111,7.95,2.06
2023-06-18,28.1,23.5,25.4,26.2,26.2,0.0,10.3,20.2,128,8.64,1.88
2023-06-19,30.0,24.3,26.5,28.9,28.9,0.0,16.9,32.8,248,12.84,2.84
2023-06-20,30.8,24.5,27.4,3.1,3.1,0.0,10.1,21.6,301,22.06,4.61
2023-06-21,32.2,22.9,27.6,0.0,0.0,0.0,9.0,19.1,25,19.25,4.35
2023-06-22,31.1,24.2,27.4,0.0,0.0,0.0,10.2,19.4,129,16.05,3.79
2023-06-23,27.2,22.0,24.5,0.0,0.0,0.0,17.3,32.8,102,10.9,3.09
2023-06-24,25.0,21.5,23.3,0.8,0.8,0.0,17.6,31.3,100,7.95,2.02
2023-06-25,27.3,22.2,24.1,14.7,14.7,0.0,10.0,20.5,180,9.9,2.12
2023-06-26,29.6,21.8,25.8,0.8,0.8,0.0,18.9,37.4,266,22.26,4.58
2023-06-27,32.3,24.5,28.6,0.4,0.4,0.0,19.4,33.8,186,23.25,5.44
2023-06-28,32.9,27.5,30.3,0.0,0.0,0.0,23.4,44.3,190,21.99,5.83
2023-06-29,32.2,25.4,28.8,6.6,6.6,0.0,20.3,38.9,208,9.68,2.89
2023-06-30,28.4,24.5,25.6,20.9,20.9,0.0,8.7,21.6,272,11.7,2.43
2023-07-01,31.1,22.2,27.1,0.4,0.4,0.0,10.8,24.8,141,21.94,4.63
2023-07-02,33.0,27.0,29.1,11.0,11.0,0.0,15.2,27.4,162,15.51,3.46
2023-07-03,33.0,28.2,30.6,0.0,0.0,0.0,19.6,37.1,182,14.04,3.91
2023-07-04,29.8,26.1,28.5,0.5,0.5,0.0,19.7,41.0,270,16.29,3.8
2023-07-05,32.9,24.1,28.5,0.0,0.0,0.0,13.0,21.6,226,25.51,5.69
2023-07-06,33.0,24.6,29.3,7.1,7.1,0.0,17.2,38.9,200,18.03,4.24
2023-07-07,30.8,26.9,28.6,24.0,24.0,0.0,20.3,40.3,207,8.9,2.15
2023-07-08,35.3,26.1,29.9,3.4,3.4,0.0,20.5,37.8,203,23.17,5.38
2023-07-09,33.8,25.9,29.4,0.2,0.2,0.0,17.7,34.2,191,21.56,4.85
2023-07-10,33.8,26.9,30.2,0.1,0.1,0.0,23.3,44.6,177,20.83,5.06
2023-07-11,34.7,28.6,31.7,0.0,0.0,0.0,18.9,36.0,188,23.86,6.35
2023-07-12,34.6,28.8,31.6,0.0,0.0,0.0,21.3,40.3,181,19.28,5.37
2023-07-13,34.2,28.4,31.4,1.8,1.8,0.0,20.3,38.5,191,14.11,4.54
2023-07-14,34.5,27.2,29.5,1.0,1.0,0.0,15.9,37.4,259,18.87,4.38
2023-07-15,31.6,25.4,28.7,0.2,0.2,0.0,8.9,18.4,227,12.1,2.95
2023-07-16,27.5,25.2,26.6,0.1,0.1,0.0,7.6,15.1,100,6.16,1.7
2023-07-17,27.9,23.6,25.5,26.1,26.1,0.0,13.6,27.7,50,12.06,2.52
2023-07-18,30.3,23.6,26.4,15.1,15.1,0.0,12.8,22.7,43,15.33,3.15
2023-07-19,30.4,25.7,27.3,20.3,20.3,0.0,10.9,22.7,94,12.85,2.75
2023-07-20,31.1,25.7,28.0,2.6,2.6,0.0,7.9,20.5,342,19.56,4.01
2023-07-21,31.9,26.7,28.3,6.9,6.9,0.0,15.1,26.3,179,16.48,3.56
2023-07-22,32.3,25.7,28.4,10.1,10.1,0.0,11.4,23.4,209,19.08,4.1
2023-07-23,33.4,25.2,29.1,0.1,0.1,0.0,14.8,27.0,194,23.78,5.2
2023-07-24,32.7,25.5,29.2,0.1,0.1,0.0,11.9,23.4,140,22.61,4.85
2023-07-25,32.2,27.2,29.0,3.6,3.6,0.0,10.2,23.4,111,17.73,3.87
2023-07-26,31.5,25.4,28.2,5.8,5.8,0.0,14.8,34.6,92,19.12,4.01
2023-07-27,32.3,26.2,28.9,1.9,1.9,0.0,19.2,38.2,84,22.9,5.04
2023-07-28,29.2,25.6,27.4,8.6,8.6,0.0,23.8,47.2,88,12.63,3.12
2023-07-29,28.6,26.0,27.1,12.9,12.9,0.0,26.9,49.0,121,11.27,2.72
2023-07-30,30.4,25.2,27.4,9.5,9.5,0.0,23.7,46.1,160,13.22,2.93
2023-07-31,31.0,26.4,28.0,6.8,6.8,0.0,18.7,36.4,139,19.89,4.07
2023-08-01,31.6,26.0,28.7,0.1,0.1,0.0,18.9,36.7,103,23.21,4.99
2023-08-02,32.5,26.4,29.4,0.1,0.1,0.0,15.2,30.6,105,23.66,5.26
2023-08-03,33.5,26.8,29.7,0.0,0.0,0.0,12.2,24.1,93,24.64,5.34
2023-08-04,33.9,26.6,30.3,0.0,0.0,0.0,10.1,22.3,109,24.27,5.36
2023-08-05,34.0,27.0,30.9,0.0,0.0,0.0,9.5,21.6,146,23.35,5.21
2023-08-06,33.7,27.1,29.8,11.4,11.4,0.0,11.6,27.0,328,19.75,4.31
2023-08-07,31.9,26.5,28.7,1.9,1.9,0.0,15.8,29.5,29,19.71,4.21
2023-08-08,31.5,25.6,28.3,0.4,0.4,0.0,14.4,28.8,39,23.58,5.13
2023-08-09,31.4,24.2,27.8,0.0,0.0,0.0,11.6,24.8,15,22.82,4.94
2023-08-10,34.0,24.8,29.5,0.0,0.0,0.0,9.2,22.3,17,24.05,5.3
2023-08-11,34.4,26.4,30.3,0.0,0.0,0.0,10.1,20.2,127,22.03,5.0
2023-08-12,36.5,27.5,31.8,0.0,0.0,0.0,11.0,21.2,163,23.75,5.63
2023-08-13,33.6,26.0,29.6,2.0,2.0,0.0,20.2,37.8,351,22.13,5.04
2023-08-14,29.0,24.6,26.4,15.2,15.2,0.0,19.5,35.6,26,13.76,2.8
2023-08-15,31.7,23.5,27.7,0.1,0.1,0.0,9.4,20.2,63,20.2,4.25
2023-08-16,32.6,26.1,29.0,1.2,1.2,0.0,10.6,22.0,108,21.45,4.59
2023-08-17,32.7,25.4,28.6,3.3,3.3,0.0,18.9,40.0,81,21.04,4.39
2023-08-18,33.0,25.1,28.9,0.0,0.0,0.0,13.4,25.2,74,21.84,5.08
2023-08-19,32.8,24.6,28.3,1.0,1.0,0.0,18.8,38.5,78,20.86,4.78
2023-08-20,32.8,24.6,28.8,0.6,0.6,0.0,13.7,29.2,108,23.09,5.31
2023-08-21,34.0,25.8,28.3,6.0,6.0,0.0,15.3,40.3,207,17.13,3.97
2023-08-22,31.6,24.7,27.1,16.0,16.0,0.0,11.5,25.6,349,17.09,3.7
2023-08-23,32.7,22.9,27.9,0.0,0.0,0.0,9.3,20.9,53,24.17,5.32
2023-08-24,32.2,23.5,28.0,0.0,0.0,0.0,9.9,20.9,55,23.13,5.08
2023-08-25,32.0,23.4,28.1,0.0,0.0,0.0,9.8,22.3,79,22.42,5.11
2023-08-26,30.8,25.2,27.7,5.9,5.9,0.0,21.3,42.1,97,16.39,4.19
2023-08-27,30.1,24.0,26.7,22.5,22.5,0.0,17.7,35.3,139,9.02,2.09
2023-08-28,23.5,20.1,21.8,9.4,9.4,0.0,19.8,39.6,316,5.44,1.42
2023-08-29,27.6,20.6,24.0,0.5,0.5,0.0,15.8,29.9,360,14.62,3.19
2023-08-30,27.0,22.2,24.3,0.5,0.5,0.0,9.7,20.5,87,12.74,2.84
2023-08-31,28.8,19.5,24.0,0.0,0.0,0.0,11.5,25.6,101,23.37,4.7
2023-09-01,29.8,19.1,24.7,0.0,0.0,0.0,14.5,30.2,63,23.95,5.11
2023-09-02,30.3,19.8,25.2,0.0,0.0,0.0,13.5,27.0,52,19.97,4.42
2023-09-03,26.0,23.0,24.6,0.0,0.0,0.0,10.2,19.4,49,5.26,1.63
2023-09-04,27.8,22.4,25.0,0.2,0.2,0.0,13.5,26.6,27,8.2,2.17
2023-09-05,31.0,23.1,26.5,1.3,1.3,0.0,13.6,30.6,54,16.38,3.57
2023-09-06,30.9,23.6,26.8,1.7,1.7,0.0,12.0,25.9,54,19.35,4.07
2023-09-07,32.2,23.7,27.7,0.5,0.5,0.0,13.4,27.0,74,20.89,4.83
2023-09-08,31.8,23.0,27.5,0.4,0.4,0.0,14.1,27.7,88,20.45,4.9
2023-09-09,32.2,23.1,27.9,0.0,0.0,0.0,14.6,31.3,104,21.09,5.45
2023-09-10,31.5,23.5,27.4,0.2,0.2,0.0,12.8,25.6,78,16.68,4.02
2023-09-11,32.2,24.0,26.8,7.2,7.2,0.0,12.4,30.2,71,15.05,3.37
2023-09-12,25.5,22.0,23.4,56.3,56.3,0.0,15.0,28.1,20,3.15,0.86
2023-09-13,26.5,21.7,23.2,23.6,23.6,0.0,20.6,40.3,10,10.87,2.42
2023-09-14,26.2,20.3,23.2,0.9,0.9,0.0,15.0,29.2,48,11.58,2.5
2023-09-15,26.6,21.8,23.9,1.1,1.1,0.0,8.0,17.6,46,11.46,2.41
2023-09-16,27.5,20.8,24.1,1.0,1.0,0.0,10.8,25.9,91,14.51,2.84
2023-09-17,30.9,21.4,26.1,0.3,0.3,0.0,9.2,22.3,114,20.17,4.18
2023-09-18,32.4,24.6,28.3,0.0,0.0,0.0,13.6,28.8,143,18.66,4.21
2023-09-19,31.3,26.1,28.5,1.8,1.8,0.0,16.1,29.9,156,7.81,2.21
2023-09-20,29.3,21.8,25.0,16.0,16.0,0.0,20.2,41.4,354,11.56,2.92
2023-09-21,22.9,18.9,20.8,14.3,14.3,0.0,16.1,28.8,27,5.37,1.47
2023-09-22,23.4,18.9,20.8,1.3,1.3,0.0,14.1,29.2,72,7.92,1.85
2023-09-23,21.9,18.1,19.8,13.4,13.4,0.0,18.4,34.9,68,6.89,1.82
2023-09-24,24.5,18.4,21.4,3.7,3.7,0.0,9.9,22.0,76,9.71,1.92
2023-09-25,26.2,21.0,23.0,0.2,0.2,0.0,10.8,20.2,341,9.37,2.1
2023-09-26,27.6,20.8,23.5,0.0,0.0,0.0,9.5,16.9,2,12.53,2.58
2023-09-27,28.4,21.6,24.5,0.1,0.1,0.0,13.4,23.8,3,13.5,2.9
2023-09-28,27.7,22.9,24.6,0.1,0.1,0.0,10.9,22.0,29,12.16,2.7
2023-09-29,29.4,20.6,24.7,0.1,0.1,0.0,16.3,32.0,331,16.93,3.63
2023-09-30,26.4,20.5,22.5,2.7,2.7,0.0,13.1,27.0,360,15.67,3.15
2023-10-01,26.5,19.8,22.7,0.3,0.3,0.0,15.2,31.3,70,17.26,3.71
2023-10-02,22.8,18.9,20.4,4.6,4.6,0.0,16.6,32.4,73,6.25,2.13
2023-10-03,22.8,18.4,20.3,4.8,4.8,0.0,10.8,24.5,51,8.28,1.76
2023-10-04,24.6,19.2,21.7,0.0,0.0,0.0,14.5,25.6,40,8.94,2.4
2023-10-05,24.8,18.8,21.6,0.0,0.0,0.0,19.2,36.4,51,16.23,4.11
2023-10-06,21.4,17.0,18.9,0.1,0.1,0.0,18.7,34.9,46,8.4,2.69
2023-10-07,17.6,14.9,16.0,18.0,18.0,0.0,17.6,31.7,52,2.87,0.85
2023-10-08,21.9,14.9,18.1,0.0,0.0,0.0,7.5,17.3,39,11.84,2.22
2023-10-09,23.5,14.4,19.1,0.0,0.0,0.0,9.9,22.3,31,13.31,2.61
2023-10-10,20.4,16.4,18.6,0.0,0.0,0.0,9.3,18.0,359,4.92,1.2
2023-10-11,22.9,13.5,18.0,0.0,0.0,0.0,10.5,21.2,41,15.63,2.96
2023-10-12,23.0,14.4,18.7,0.0,0.0,0.0,10.4,24.1,60,14.31,2.79
2023-10-13,23.5,14.8,19.0,0.0,0.0,0.0,9.0,18.7,347,13.68,2.68
2023-10-14,24.8,14.8,19.1,0.0,0.0,0.0,9.3,20.5,253,15.84,3.12
2023-10-15,27.0,14.6,20.0,0.0,0.0,0.0,10.8,21.2,250,16.49,3.39
2023-10-16,26.1,13.8,19.6,0.0,0.0,0.0,10.4,15.8,171,16.66,3.24
2023-10-17,25.6,14.8,20.4,0.0,0.0,0.0,15.3,28.4,121,17.1,3.76
2023-10-18,26.9,15.9,20.9,0.0,0.0,0.0,9.8,22.0,127,16.25,3.28
2023-10-19,26.1,14.1,19.7,1.7,1.7,0.0,29.4,54.7,345,15.48,3.31
2023-10-20,20.8,11.6,16.0,0.3,0.3,0.0,16.6,34.2,349,16.31,3.3
2023-10-21,19.9,9.2,14.4,0.0,0.0,0.0,10.5,14.8,116,16.55,2.93
2023-10-22,21.9,11.9,16.4,0.0,0.0,0.0,11.5,15.8,126,15.97,2.79
2023-10-23,22.8,12.2,17.6,0.0,0.0,0.0,10.9,22.3,131,16.04,2.93
2023-10-24,26.0,13.1,19.0,0.0,0.0,0.0,10.3,13.3,162,15.1,2.84
2023-10-25,23.9,16.8,20.6,0.0,0.0,0.0,8.9,15.1,128,8.6,1.85
2023-10-26,26.4,15.6,21.1,0.0,0.0,0.0,8.6,14.0,161,15.09,2.89
2023-10-27,24.2,16.6,20.1,0.0,0.0,0.0,9.4,21.2,77,10.71,2.15
2023-10-28,24.8,18.0,20.7,0.0,0.0,0.0,12.7,23.8,107,13.67,2.87
2023-10-29,24.7,16.0,19.5,0.0,0.0,0.0,9.7,18.7,107,14.55,2.82
2023-10-30,25.5,15.1,20.0,0.0,0.0,0.0,9.4,19.8,131,14.59,2.75
2023-10-31,26.9,16.4,21.2,0.0,0.0,0.0,13.8,23.8,166,14.79,3.2
2023-11-01,28.5,17.8,22.2,0.0,0.0,0.0,16.7,33.1,175,14.9,4.22
2023-11-02,28.5,17.8,22.3,0.0,0.0,0.0,15.3,29.9,180,14.55,3.91
2023-11-03,27.8,15.5,21.3,0.0,0.0,0.0,16.2,28.1,138,13.53,2.83
2023-11-04,24.9,17.9,20.7,1.0,1.0,0.0,11.9,22.7,49,9.61,1.89
2023-11-05,24.4,15.2,19.5,10.6,10.6,0.0,28.4,54.0,288,8.57,2.05
2023-11-06,16.1,8.8,12.8,0.0,0.0,0.0,24.5,43.9,291,14.78,3.48
2023-11-07,18.1,8.1,13.4,0.0,0.0,0.0,15.9,31.7,109,14.36,2.77
2023-11-08,21.9,10.1,15.7,0.3,0.3,0.0,12.6,23.0,144,13.69,2.41
2023-11-09,18.6,14.1,16.3,6.2,6.2,0.0,18.9,33.5,64,4.32,0.91
2023-11-10,14.6,10.6,12.5,0.7,0.7,0.0,23.3,42.5,50,3.65,1.68
2023-11-11,12.6,8.1,10.7,3.4,3.4,0.0,18.0,34.9,41,4.12,1.46
2023-11-12,10.9,5.4,7.9,0.2,0.2,0.0,15.9,33.5,347,10.12,1.67
2023-11-13,8.6,3.5,5.7,0.0,0.0,0.0,12.7,24.1,17,9.92,1.68
2023-11-14,12.2,1.5,6.8,0.0,0.0,0.0,9.2,16.2,94,13.42,1.79
2023-11-15,14.6,3.7,9.6,1.2,1.2,0.0,13.2,24.1,77,12.61,1.95
2023-11-16,13.6,7.2,10.2,1.8,1.8,0.0,26.4,51.1,293,13.29,2.67
2023-11-17,15.0,5.1,9.4,0.0,0.0,0.0,20.4,41.0,302,13.35,2.82
2023-11-18,15.7,3.3,9.8,0.0,0.0,0.0,12.3,25.6,160,13.27,2.42
2023-11-19,20.8,5.9,12.1,0.0,0.0,0.0,11.7,21.2,192,13.15,2.44
2023-11-20,18.5,6.1,12.4,0.0,0.0,0.0,11.4,24.1,112,12.77,2.13
2023-11-21,22.5,8.6,14.5,0.0,0.0,0.0,16.5,28.4,152,12.88,2.63
2023-11-22,23.0,9.9,15.9,0.0,0.0,0.0,13.8,24.8,217,8.98,1.92
2023-11-23,16.2,6.7,12.2,0.0,0.0,0.0,25.1,49.0,338,12.54,2.81
2023-11-24,10.9,2.8,6.6,0.0,0.0,0.0,14.9,28.4,51,12.48,2.8
2023-11-25,14.4,4.4,8.8,0.0,0.0,0.0,20.5,40.7,94,11.97,2.14
2023-11-26,13.2,6.8,9.5,0.3,0.3,0.0,14.9,29.5,292,8.96,1.41
2023-11-27,18.1,4.1,9.9,0.0,0.0,0.0,15.4,30.2,264,11.44,2.09
2023-11-28,15.9,4.6,10.7,0.0,0.0,0.0,15.7,31.3,99,12.27,2.46
2023-11-29,15.9,6.5,10.6,0.0,0.0,0.0,23.8,44.3,360,11.43,2.43
2023-11-30,7.6,2.3,5.4,0.0,0.0,0.0,15.9,31.3,11,8.94,2.13
2023-12-01,9.2,-0.8,4.3,0.0,0.0,0.0,8.9,16.9,220,12.21,1.7
2023-12-02,11.9,-0.2,5.9,0.0,0.0,0.0,10.5,19.1,163,11.88,1.81
2023-12-03,12.5,0.6,6.5,0.0,0.0,0.0,11.2,20.5,107,11.88,1.87
2023-12-04,15.6,3.8,9.0,0.0,0.0,0.0,10.5,18.4,158,9.62,1.77
2023-12-05,18.7,2.0,10.0,0.0,0.0,0.0,13.1,27.4,183,11.74,1.98
2023-12-06,16.5,7.8,12.3,0.0,0.0,0.0,22.9,45.0,288,11.79,3.19
2023-12-07,20.4,6.3,12.7,0.0,0.0,0.0,21.4,36.0,190,11.72,2.95
2023-12-08,22.3,10.1,15.6,0.0,0.0,0.0,18.6,34.6,189,11.63,3.04
2023-12-09,23.3,13.6,17.3,0.0,0.0,0.0,14.8,25.6,172,9.12,2.53
2023-12-10,15.1,9.6,12.8,7.6,7.6,0.0,20.0,37.8,49,2.71,1.09
2023-12-11,9.6,3.8,6.2,6.4,6.4,0.0,22.1,41.8,344,3.51,0.84
2023-12-12,5.9,2.0,4.1,0.0,0.0,0.0,17.7,33.1,349,4.96,0.86
2023-12-13,9.5,4.8,7.2,2.2,2.2,0.0,17.6,34.2,98,3.37,0.85
2023-12-14,10.0,4.1,8.1,15.4,15.4,0.0,19.4,37.1,338,2.79,0.5
2023-12-15,3.7,-0.2,1.5,28.1,24.2,2.73,24.0,43.9,318,1.93,0.48
2023-12-16,2.7,-2.1,-0.3,0.0,0.0,0.0,20.3,45.4,326,8.68,1.53
2023-12-17,1.4,-4.9,-1.7,0.0,0.0,0.0,14.6,28.1,57,11.35,1.66
2023-12-18,-0.1,-1.4,-0.7,3.6,0.1,2.45,14.6,27.7,44,1.49,0.65
2023-12-19,4.3,-0.6,1.6,0.0,0.0,0.0,11.3,23.8,334,4.55,0.69
2023-12-20,3.2,-3.6,-0.7,0.0,0.0,0.0,14.3,25.9,6,11.16,1.37
2023-12-21,-1.4,-5.9,-4.1,0.0,0.0,0.0,15.6,31.7,352,11.6,1.39
2023-12-22,0.6,-7.8,-3.7,0.0,0.0,0.0,9.0,22.3,16,11.25,1.26
2023-12-23,3.5,-3.4,-1.0,0.0,0.0,0.0,10.0,23.8,147,11.23,1.36
2023-12-24,7.2,-3.8,0.6,0.0,0.0,0.0,13.0,27.4,287,11.23,1.47
2023-12-25,8.8,-2.5,2.2,0.0,0.0,0.0,12.2,20.5,137,11.38,1.43
2023-12-26,11.8,0.2,4.8,0.0,0.0,0.0,12.5,27.4,125,10.17,1.43
2023-12-27,10.4,0.4,5.0,0.0,0.0,0.0,9.9,23.8,330,11.04,1.35
2023-12-28,11.3,-1.8,4.1,0.0,0.0,0.0,9.9,14.8,10,10.92,1.35
2023-12-29,9.4,1.0,4.8,0.0,0.0,0.0,11.4,22.7,90,7.64,0.88
2023-12-30,16.2,5.1,9.4,5.0,5.0,0.0,15.6,27.4,281,10.95,1.66
2023-12-31,10.9,0.8,5.5,0.0,0.0,0.0,13.1,27.7,18,11.57,1.63
2024-01-01,7.4,-1.1,2.7,0.0,0.0,0.0,11.6,27.0,95,11.36,1.28
2024-01-02,4.6,-0.9,1.6,8.1,7.2,0.63,12.5,23.4,9,2.52,0.39
2024-01-03,9.4,1.0,3.5,0.0,0.0,0.0,10.1,23.4,255,9.95,1.14
2024-01-04,12.5,1.5,5.7,0.0,0.0,0.0,13.4,28.8,171,11.32,1.52
2024-01-05,13.7,-0.2,5.7,0.0,0.0,0.0,9.8,14.8,303,11.35,1.52
2024-01-06,11.6,1.7,5.4,0.0,0.0,0.0,13.7,27.0,325,8.39,1.05
2024-01-07,8.9,-0.3,4.2,0.0,0.0,0.0,14.4,25.9,59,11.22,1.59
2024-01-08,5.7,1.8,3.2,0.2,0.0,0.14,12.5,23.8,100,4.24,0.85
2024-01-09,13.5,-0.3,5.7,0.0,0.0,0.0,17.3,33.8,295,9.98,1.54
2024-01-10,7.9,-0.6,3.2,0.0,0.0,0.0,10.9,20.5,330,11.28,1.26
2024-01-11,14.4,0.9,6.5,0.0,0.0,0.0,13.0,25.9,173,12.21,1.79
2024-01-12,16.2,2.3,7.7,0.0,0.0,0.0,11.3,17.6,151,12.03,1.71
2024-01-13,16.7,2.5,9.1,0.0,0.0,0.0,14.1,29.9,130,12.16,1.88
2024-01-14,14.0,5.8,9.6,0.8,0.8,0.0,22.4,39.6,337,4.07,1.24
2024-01-15,7.1,-1.2,3.3,0.0,0.0,0.0,17.1,31.3,56,12.23,1.76
2024-01-16,7.7,2.5,5.2,0.4,0.4,0.0,17.4,32.4,72,5.64,1.09
2024-01-17,8.4,4.4,5.8,11.2,11.2,0.0,11.9,25.9,317,3.6,0.57
2024-01-18,6.3,4.2,5.1,14.5,14.5,0.0,14.8,27.0,17,2.6,0.47
2024-01-19,5.5,1.4,4.3,6.5,6.3,0.14,18.0,33.5,23,2.35,0.38
2024-01-20,5.4,0.9,2.8,2.6,1.0,1.12,18.8,36.4,333,6.24,0.94
2024-01-21,5.1,0.7,3.2,0.2,0.2,0.0,17.7,34.2,355,5.38,1.09
2024-01-22,0.7,-4.7,-2.1,0.0,0.0,0.0,21.2,42.1,354,9.99,1.69
2024-01-23,0.4,-6.8,-3.7,0.0,0.0,0.0,14.0,31.0,329,13.07,1.57
2024-01-24,4.4,-5.6,-1.2,0.0,0.0,0.0,10.1,21.2,311,13.62,1.62
2024-01-25,6.7,-4.8,0.6,0.0,0.0,0.0,9.2,21.2,287,13.44,1.67
2024-01-26,5.8,-4.1,0.4,0.0,0.0,0.0,9.1,12.6,258,7.53,0.98
2024-01-27,9.4,-3.5,2.1,0.0,0.0,0.0,11.2,21.2,283,13.56,1.83
2024-01-28,8.9,-2.7,2.3,0.0,0.0,0.0,11.0,15.8,164,14.0,1.8
2024-01-29,11.3,-0.8,5.2,0.0,0.0,0.0,11.4,24.1,112,12.99,1.87
2024-01-30,15.8,4.5,9.3,0.0,0.0,0.0,12.9,28.4,129,12.37,1.81
2024-01-31,11.1,6.8,9.1,5.8,5.8,0.0,16.0,28.4,38,2.93,0.53
2024-02-01,6.7,-0.9,3.0,6.4,6.4,0.0,21.1,40.3,14,2.05,0.39
2024-02-02,1.9,-1.4,-0.0,10.2,10.2,0.0,17.8,34.2,29,3.13,0.46
2024-02-03,1.5,-0.9,0.0,5.8,3.7,1.47,15.5,30.2,10,2.94,0.42
2024-02-04,0.3,-1.6,-0.7,15.6,4.2,7.98,14.5,26.3,352,3.73,0.37
2024-02-05,1.1,-2.0,-1.0,0.0,0.0,0.0,16.8,31.7,319,8.58,0.82
2024-02-06,1.4,-2.2,-0.6,0.4,0.0,0.28,13.0,26.6,23,3.29,0.56
2024-02-07,5.5,-1.9,1.3,0.0,0.0,0.0,10.9,23.0,12,8.07,1.15
2024-02-08,7.2,-3.3,1.3,0.0,0.0,0.0,8.1,17.6,330,15.01,1.7
2024-02-09,12.1,-3.2,3.9,0.0,0.0,0.0,13.0,25.2,235,15.3,2.05
2024-02-10,15.6,-2.2,6.5,0.0,0.0,0.0,15.5,25.9,240,15.23,2.21
2024-02-11,16.0,1.1,8.2,0.0,0.0,0.0,11.4,21.2,241,15.75,2.34
2024-02-12,17.4,4.9,11.0,0.0,0.0,0.0,22.4,42.5,170,15.94,3.16
2024-02-13,20.1,8.8,14.2,0.0,0.0,0.0,21.3,41.8,180,12.95,3.27
2024-02-14,23.4,9.2,15.6,0.0,0.0,0.0,16.3,27.7,162,14.71,2.7
2024-02-15,14.9,5.0,7.9,4.2,4.2,0.0,27.6,49.3,360,6.03,1.24
2024-02-16,10.8,1.4,6.1,0.0,0.0,0.0,15.9,33.5,125,16.55,2.18
2024-02-17,18.3,6.3,12.0,0.0,0.0,0.0,22.1,43.2,165,15.44,2.54
2024-02-18,24.2,12.4,17.4,0.7,0.7,0.0,28.3,54.4,186,12.11,2.53
2024-02-19,16.6,5.4,12.1,6.3,6.3,0.0,22.9,43.2,1,3.93,0.9
2024-02-20,5.8,2.9,4.5,13.2,13.2,0.0,23.2,45.0,49,3.51,0.63
2024-02-21,2.5,-1.5,0.2,11.0,11.0,0.0,22.9,42.8,358,2.83,0.54
2024-02-22,-0.7,-2.3,-1.7,5.7,1.8,2.73,19.9,37.8,354,3.64,0.7
2024-02-23,2.8,-3.5,-0.4,1.5,0.0,1.05,14.5,28.8,342,11.56,1.39
2024-02-24,0.6,-1.7,-0.8,2.0,0.8,0.84,13.2,28.4,318,4.04,0.64
2024-02-25,6.1,-3.7,0.9,0.0,0.0,0.0,10.7,25.9,331,16.79,1.8
2024-02-26,7.2,0.6,3.9,0.0,0.0,0.0,12.9,28.1,33,8.86,1.57
2024-02-27,7.8,-1.4,3.4,0.0,0.0,0.0,10.6,22.0,85,14.32,1.82
2024-02-28,7.6,1.3,4.6,0.0,0.0,0.0,11.0,22.0,53,5.89,1.03
2024-02-29,4.0,2.3,3.1,0.8,0.8,0.0,22.9,42.8,338,4.08,0.69
2024-03-01,6.8,0.8,3.2,0.0,0.0,0.0,15.5,27.7,41,13.72,1.8
2024-03-02,11.7,-0.7,5.4,0.0,0.0,0.0,14.6,29.2,216,15.56,2.26
2024-03-03,14.2,-0.2,7.3,0.0,0.0,0.0,15.6,32.0,152,18.63,2.62
2024-03-04,11.0,6.5,9.0,1.1,1.1,0.0,14.6,25.2,103,4.03,0.86
2024-03-05,10.1,6.8,8.1,3.1,3.1,0.0,21.8,40.7,336,3.81,0.73
2024-03-06,12.2,4.4,7.8,0.2,0.2,0.0,15.5,27.7,358,9.05,1.57
2024-03-07,14.9,0.9,7.8,0.0,0.0,0.0,15.4,31.3,299,16.29,2.52
2024-03-08,14.1,1.7,8.0,0.0,0.0,0.0,11.2,23.0,4,18.23,2.85
2024-03-09,13.5,1.4,7.9,0.0,0.0,0.0,11.4,27.0,95,17.59,2.77
2024-03-10,16.4,3.5,10.1,0.0,0.0,0.0,12.8,29.5,109,19.51,3.02
2024-03-11,21.0,9.6,14.3,0.0,0.0,0.0,18.9,37.4,269,18.52,3.64
2024-03-12,18.0,8.7,12.7,0.0,0.0,0.0,17.2,34.6,29,19.45,3.85
2024-03-13,17.1,7.4,12.0,0.5,0.5,0.0,15.9,33.1,113,13.46,2.41
2024-03-14,15.4,9.1,12.2,0.5,0.5,0.0,11.8,24.1,59,9.16,1.5
2024-03-15,19.5,6.6,13.1,0.0,0.0,0.0,15.2,31.3,97,19.7,3.25
2024-03-16,23.3,10.1,16.6,0.0,0.0,0.0,8.7,15.8,100,16.87,3.04
2024-03-17,16.0,9.9,13.2,6.6,6.6,0.0,23.9,43.2,51,3.99,1.77
2024-03-18,10.1,5.6,8.3,0.1,0.1,0.0,15.4,28.1,44,4.09,1.63
2024-03-19,17.8,4.0,10.1,0.0,0.0,0.0,15.8,33.1,306,20.88,3.53
2024-03-20,20.1,3.9,12.5,0.0,0.0,0.0,13.8,28.4,175,20.99,3.94
2024-03-21,22.2,8.4,15.6,0.0,0.0,0.0,24.9,47.9,175,20.22,4.78
2024-03-22,26.0,13.1,19.3,0.0,0.0,0.0,22.6,40.7,178,20.29,4.61
2024-03-23,25.4,17.6,20.6,15.9,15.9,0.0,26.8,50.4,157,10.85,2.46
2024-03-24,19.6,16.0,17.8,0.1,0.1,0.0,16.6,29.2,89,4.92,1.12
2024-03-25,17.0,8.4,12.3,16.7,16.7,0.0,24.3,47.2,329,6.38,1.2
2024-03-26,18.1,6.2,12.1,0.0,0.0,0.0,14.5,25.9,305,17.74,2.86
2024-03-27,14.7,10.9,12.8,6.7,6.7,0.0,14.9,34.2,116,5.71,1.02
2024-03-28,22.0,10.7,15.5,1.1,1.1,0.0,18.5,32.8,266,17.11,3.02
2024-03-29,28.9,13.5,20.4,0.0,0.0,0.0,19.3,32.8,198,21.21,4.65
2024-03-30,29.6,15.6,22.6,0.0,0.0,0.0,19.6,33.5,153,20.97,4.76
2024-03-31,24.0,13.1,18.6,5.6,5.6,0.0,19.4,34.9,70,19.97,3.93
2024-04-01,27.0,16.8,21.3,3.1,3.1,0.0,22.3,42.8,131,19.4,3.93
2024-04-02,22.4,18.5,20.4,18.4,18.4,0.0,15.9,29.2,120,5.73,1.14
2024-04-03,18.5,14.6,16.2,2.2,2.2,0.0,20.2,39.6,345,8.26,1.82
2024-04-04,18.7,12.8,15.1,0.0,0.0,0.0,16.1,30.6,47,12.93,2.99
2024-04-05,19.1,8.8,14.2,0.0,0.0,0.0,14.1,30.2,73,20.08,3.87
2024-04-06,19.2,11.8,15.3,2.9,2.9,0.0,11.2,23.0,75,19.47,3.59
2024-04-07,16.8,13.1,14.9,5.4,5.4,0.0,15.3,31.0,85,7.0,1.42
2024-04-08,19.2,11.9,14.8,0.6,0.6,0.0,15.1,31.3,54,10.11,1.87
2024-04-09,22.2,9.4,16.4,0.0,0.0,0.0,15.5,26.6,98,21.61,3.92
2024-04-10,22.4,16.0,18.8,1.0,1.0,0.0,16.5,29.9,111,12.38,3.07
2024-04-11,22.0,15.9,18.9,0.1,0.1,0.0,8.9,21.6,88,12.71,2.47
2024-04-12,23.1,17.0,19.5,1.6,1.6,0.0,11.8,20.2,103,13.47,2.56
2024-04-13,23.0,16.0,19.4,0.0,0.0,0.0,19.8,38.2,107,13.14,2.71
2024-04-14,25.0,17.2,20.4,0.5,0.5,0.0,15.7,30.2,113,12.37,2.51
2024-04-15,26.8,15.1,20.8,0.0,0.0,0.0,11.3,24.8,65,17.85,3.46
2024-04-16,25.3,19.2,22.2,0.1,0.1,0.0,15.3,31.3,54,14.36,3.28
2024-04-17,20.8,15.7,17.2,11.0,11.0,0.0,17.1,31.0,52,4.67,1.11
2024-04-18,22.8,12.1,17.6,0.0,0.0,0.0,14.6,29.2,111,23.39,4.31
2024-04-19,19.5,16.0,17.4,48.4,48.4,0.0,20.8,36.0,105,5.01,1.4
2024-04-20,22.9,15.1,18.7,0.0,0.0,0.0,20.4,37.1,325,15.86,3.06
2024-04-21,21.8,15.4,18.3,0.0,0.0,0.0,11.2,21.6,110,14.04,2.67
2024-04-22,24.0,13.9,19.1,0.0,0.0,0.0,12.4,24.1,97,22.27,4.17
2024-04-23,25.0,16.0,20.3,0.9,0.9,0.0,16.4,33.1,296,18.82,3.65
2024-04-24,24.6,14.3,19.8,0.0,0.0,0.0,15.6,30.6,126,23.16,4.77
2024-04-25,26.5,15.4,21.2,0.0,0.0,0.0,10.7,21.2,125,19.98,4.0
2024-04-26,26.8,18.8,22.4,0.2,0.2,0.0,13.4,25.2,114,21.84,4.25
2024-04-27,26.8,17.2,22.0,0.0,0.0,0.0,19.3,35.6,100,22.31,4.57
2024-04-28,22.0,18.4,19.8,28.0,28.0,0.0,19.2,35.6,57,7.61,1.79
2024-04-29,24.0,17.5,20.6,0.4,0.4,0.0,14.3,27.0,27,13.49,2.87
2024-04-30,19.2,13.1,15.5,10.6,10.6,0.0,22.5,43.9,31,5.16,1.42
2024-05-01,20.8,11.9,16.1,0.3,0.3,0.0,14.0,25.2,46,22.55,4.02
2024-05-02,21.5,11.5,16.9,0.0,0.0,0.0,16.5,33.1,87,17.21,3.71
2024-05-03,21.5,12.9,17.5,1.2,1.2,0.0,17.9,36.4,93,15.03,3.08
2024-05-04,20.1,14.4,17.1,9.3,9.3,0.0,13.7,25.2,74,7.43,1.48
2024-05-05,21.2,15.2,17.7,6.9,6.9,0.0,15.6,28.8,287,9.76,1.98
2024-05-06,26.9,14.7,20.7,0.2,0.2,0.0,9.0,21.2,208,22.54,4.26
2024-05-07,27.2,16.0,21.6,0.0,0.0,0.0,13.2,23.4,31,23.68,4.7
2024-05-08,26.1,15.6,20.3,0.0,0.0,0.0,12.8,25.2,52,24.87,5.15
2024-05-09,24.6,15.6,20.1,0.0,0.0,0.0,14.0,29.5,120,21.71,4.39
2024-05-10,28.7,16.6,23.0,0.0,0.0,0.0,23.7,44.6,177,24.18,5.46
2024-05-11,26.5,18.9,22.6,21.2,21.2,0.0,17.4,32.8,300,14.28,2.91
2024-05-12,25.4,15.5,19.9,0.0,0.0,0.0,9.9,23.4,79,23.63,4.51
2024-05-13,26.7,13.8,20.7,0.0,0.0,0.0,11.6,26.3,179,25.72,5.27
2024-05-14,28.4,15.3,22.4,0.0,0.0,0.0,13.4,25.9,164,25.98,5.6
2024-05-15,25.8,16.8,21.5,0.0,0.0,0.0,29.8,56.5,48,24.75,5.45
2024-05-16,27.6,14.6,21.5,0.0,0.0,0.0,15.6,32.8,170,26.51,6.01
2024-05-17,31.7,20.4,25.9,0.0,0.0,0.0,14.5,29.5,179,23.39,5.69
2024-05-18,32.3,21.2,27.2,0.0,0.0,0.0,15.5,31.0,137,24.88,6.01
2024-05-19,30.5,21.0,25.6,0.0,0.0,0.0,15.2,30.6,99,21.53,5.15
2024-05-20,28.9,19.5,24.4,0.0,0.0,0.0,15.3,29.2,84,20.88,4.76
2024-05-21,27.4,19.7,23.5,0.8,0.8,0.0,16.6,31.7,87,11.23,2.88
2024-05-22,28.4,20.0,24.2,0.1,0.1,0.0,16.1,33.5,108,21.21,5.03
2024-05-23,30.0,19.7,25.0,0.0,0.0,0.0,9.6,21.2,130,22.86,4.92
2024-05-24,31.5,22.7,27.4,0.0,0.0,0.0,16.8,34.9,129,22.78,5.44
2024-05-25,32.3,23.0,27.6,0.1,0.1,0.0,21.1,38.9,122,23.44,5.74
2024-05-26,31.0,23.4,26.8,8.2,8.2,0.0,16.3,33.5,220,12.86,3.18
2024-05-27,23.1,15.4,20.3,38.9,38.9,0.0,23.9,42.8,54,14.8,3.05
2024-05-28,25.9,14.1,20.9,0.0,0.0,0.0,12.5,24.5,119,25.87,5.12
2024-05-29,26.7,19.6,23.0,0.0,0.0,0.0,24.5,47.2,110,25.12,6.11
2024-05-30,22.0,19.6,20.7,12.5,12.5,0.0,9.0,20.5,64,5.96,1.41
2024-05-31,24.5,19.0,21.7,0.1,0.1,0.0,10.3,19.8,151,13.17,2.71
2024-06-01,27.5,18.9,23.4,0.0,0.0,0.0,11.8,24.5,98,20.46,4.42
2024-06-02,26.9,19.8,23.0,0.0,0.0,0.0,15.8,32.4,83,16.67,4.3
2024-06-03,29.7,20.2,24.8,0.0,0.0,0.0,8.7,21.6,118,24.72,5.29
2024-06-04,27.1,22.3,24.3,0.0,0.0,0.0,13.1,26.6,105,11.9,3.42
2024-06-05,23.5,19.7,21.9,0.4,0.4,0.0,12.6,24.8,115,9.38,2.43
2024-06-06,25.2,17.4,21.4,0.5,0.5,0.0,15.3,31.3,93,16.6,3.48
2024-06-07,26.4,18.3,22.2,0.0,0.0,0.0,9.2,23.4,122,18.09,3.62
2024-06-08,31.0,19.6,25.8,0.0,0.0,0.0,9.2,16.6,135,23.29,4.93
2024-06-09,31.5,23.7,27.6,0.0,0.0,0.0,14.5,25.9,169,22.33,5.32
2024-06-10,30.1,23.5,26.4,0.0,0.0,0.0,15.8,32.4,131,23.94,5.54
2024-06-11,30.5,22.5,26.3,0.0,0.0,0.0,9.5,19.8,118,21.24,4.65
2024-06-12,32.9,23.2,28.2,0.0,0.0,0.0,9.0,21.6,137,25.56,5.71
2024-06-13,33.0,23.9,28.8,0.0,0.0,0.0,15.5,32.4,143,20.21,4.89
2024-06-14,34.8,26.0,30.3,0.0,0.0,0.0,11.6,27.0,143,24.11,5.83
2024-06-15,33.3,25.4,30.2,0.0,0.0,0.0,15.1,32.4,114,22.83,5.51
2024-06-16,34.0,27.3,30.3,0.0,0.0,0.0,22.6,43.9,98,19.88,6.72
2024-06-17,31.4,25.5,28.6,0.0,0.0,0.0,18.1,34.2,116,23.54,6.05
2024-06-18,32.3,23.5,28.4,0.0,0.0,0.0,19.6,40.3,115,24.42,6.51
2024-06-19,27.6,24.7,25.9,13.7,13.7,0.0,19.6,38.5,129,11.64,2.49
2024-06-20,32.0,24.2,27.6,5.2,5.2,0.0,13.4,27.7,161,21.09,4.69
2024-06-21,32.2,25.4,28.1,29.2,29.2,0.0,20.2,44.3,190,13.9,3.22
2024-06-22,31.1,25.4,27.3,13.6,13.6,0.0,14.9,30.6,242,14.05,3.11
2024-06-23,27.1,23.1,25.0,0.0,0.0,0.0,24.3,47.9,187,15.93,3.61
2024-06-24,28.3,21.4,25.0,1.0,1.0,0.0,11.8,22.7,145,9.46,2.18
2024-06-25,27.0,22.0,24.4,0.7,0.7,0.0,14.9,30.2,154,14.77,3.11
2024-06-26,27.6,21.6,24.4,0.8,0.8,0.0,12.8,27.7,81,16.89,3.5
2024-06-27,28.0,22.6,25.0,1.9,1.9,0.0,15.9,30.2,175,17.56,3.61
2024-06-28,25.0,22.2,23.7,54.6,54.6,0.0,19.6,41.4,159,4.18,1.05
2024-06-29,27.1,23.8,25.2,88.3,88.3,0.0,26.6,50.8,209,5.58,1.34
2024-06-30,30.5,21.8,26.6,0.0,0.0,0.0,14.8,28.1,170,22.66,4.69
2024-07-01,31.4,25.0,27.2,13.1,13.1,0.0,21.0,40.3,189,19.13,4.02
2024-07-02,28.5,22.3,25.4,70.9,70.9,0.0,19.6,45.0,253,14.58,3.09
2024-07-03,31.1,22.2,27.1,0.6,0.6,0.0,17.2,33.5,182,19.76,4.22
2024-07-04,32.8,27.0,29.6,0.9,0.9,0.0,23.5,51.5,199,20.76,4.93
2024-07-05,33.9,27.5,30.8,0.0,0.0,0.0,25.1,46.1,186,24.94,6.27
2024-07-06,34.4,29.1,31.4,0.3,0.3,0.0,22.6,42.5,196,21.11,6.01
2024-07-07,34.2,29.0,31.6,0.0,0.0,0.0,23.9,45.0,189,23.43,6.4
2024-07-08,34.7,28.9,31.9,0.0,0.0,0.0,24.0,43.2,192,23.12,6.47
2024-07-09,31.2,26.0,29.6,10.2,10.2,0.0,19.4,34.6,214,8.14,2.62
2024-07-10,27.2,25.6,26.2,28.8,28.8,0.0,9.7,25.9,304,5.35,1.26
2024-07-11,25.6,23.0,24.4,22.9,22.9,0.0,11.6,28.8,68,7.04,1.54
2024-07-12,28.8,23.4,25.3,42.3,42.3,0.0,16.8,34.6,126,6.34,1.33
2024-07-13,31.4,24.6,27.0,43.0,43.0,0.0,9.2,27.0,185,14.95,3.12
2024-07-14,27.5,24.7,26.1,53.0,53.0,0.0,11.3,24.1,158,4.14,0.98
2024-07-15,30.9,26.0,28.4,0.5,0.5,0.0,12.6,22.7,145,13.7,2.96
2024-07-16,31.7,28.4,29.8,0.6,0.6,0.0,16.6,29.5,177,8.01,2.33
2024-07-17,32.2,29.5,30.4,0.0,0.0,0.0,21.9,40.7,189,11.56,3.74
2024-07-18,32.0,28.0,30.1,1.1,1.1,0.0,19.8,34.6,196,10.05,3.28
2024-07-19,32.6,28.2,30.3,0.1,0.1,0.0,19.8,35.3,185,11.37,3.73
2024-07-20,31.6,28.2,29.9,0.5,0.5,0.0,22.6,41.4,189,11.85,3.7
2024-07-21,34.8,27.6,31.4,0.0,0.0,0.0,18.4,34.9,184,23.23,5.98
2024-07-22,35.5,29.2,32.3,0.0,0.0,0.0,20.2,37.1,184,24.76,6.67
2024-07-23,36.4,28.7,32.5,0.0,0.0,0.0,14.2,28.4,179,23.59,5.84
2024-07-24,35.4,29.0,32.3,0.0,0.0,0.0,15.9,28.1,97,21.44,5.33
2024-07-25,33.7,28.0,30.8,0.4,0.4,0.0,22.9,43.6,93,23.49,6.05
2024-07-26,32.7,27.4,29.5,3.3,3.3,0.0,29.0,55.1,70,18.77,4.8
2024-07-27,29.9,26.6,27.8,24.8,24.8,0.0,20.4,47.5,119,5.49,1.61
2024-07-28,33.5,27.2,30.2,0.1,0.1,0.0,25.2,56.2,172,23.46,5.61
2024-07-29,33.7,27.6,30.4,0.0,0.0,0.0,19.8,37.8,178,25.28,5.82
2024-07-30,34.7,27.4,31.2,0.0,0.0,0.0,14.2,28.4,174,23.93,5.8
2024-07-31,34.5,28.6,31.7,0.0,0.0,0.0,19.0,33.5,192,23.61,6.29
2024-08-01,33.3,28.9,31.1,0.9,0.9,0.0,18.2,35.6,199,21.14,5.4
2024-08-02,33.0,28.9,31.0,3.9,3.9,0.0,14.8,29.2,188,15.65,3.89
2024-08-03,35.9,29.2,32.6,0.1,0.1,0.0,12.2,25.9,179,23.17,5.86
2024-08-04,37.1,28.2,33.1,0.0,0.0,0.0,11.9,20.2,193,23.94,5.98
2024-08-05,37.0,29.0,33.0,0.1,0.1,0.0,13.6,24.8,179,24.26,5.9
2024-08-06,35.8,23.8,31.0,14.4,14.4,0.0,16.8,64.1,104,24.53,5.61
2024-08-07,36.2,27.6,31.6,0.5,0.5,0.0,13.2,47.2,113,24.34,5.62
2024-08-08,37.2,28.5,32.5,0.0,0.0,0.0,16.6,33.8,128,22.28,5.32
2024-08-09,37.3,28.6,32.9,0.0,0.0,0.0,15.2,30.6,174,23.21,6.05
2024-08-10,37.3,29.6,33.0,0.0,0.0,0.0,9.5,21.2,221,22.79,5.83
2024-08-11,35.3,28.1,31.2,0.7,0.7,0.0,14.6,31.3,225,21.85,5.1
2024-08-12,36.0,27.0,31.2,0.0,0.0,0.0,9.8,16.9,185,23.47,5.26
2024-08-13,34.0,26.1,29.5,21.1,21.1,0.0,9.6,31.3,153,21.69,4.76
2024-08-14,29.8,25.4,27.4,4.6,4.6,0.0,13.1,25.6,28,16.75,3.5
2024-08-15,32.2,25.0,28.2,0.2,0.2,0.0,15.4,37.1,50,19.39,4.3
2024-08-16,33.0,25.4,29.1,0.1,0.1,0.0,16.1,30.2,55,23.11,5.3
2024-08-17,33.0,25.9,29.5,0.4,0.4,0.0,13.7,27.0,63,22.29,5.06
2024-08-18,34.0,26.6,30.2,0.0,0.0,0.0,9.6,22.0,86,21.2,4.99
2024-08-19,32.0,26.6,28.9,1.9,1.9,0.0,6.9,19.1,74,15.79,3.4
2024-08-20,32.4,25.7,28.8,0.3,0.3,0.0,11.3,24.8,338,20.82,4.57
2024-08-21,31.8,25.7,28.8,0.2,0.2,0.0,9.9,18.0,38,16.27,3.6
2024-08-22,34.2,25.7,29.9,0.6,0.6,0.0,11.6,28.1,193,21.69,4.95
2024-08-23,35.7,27.5,31.3,0.7,0.7,0.0,12.7,26.6,168,21.74,5.02
2024-08-24,35.7,28.2,31.6,0.0,0.0,0.0,13.3,27.4,114,21.85,5.25
2024-08-25,35.5,28.2,31.8,0.1,0.1,0.0,10.9,23.8,101,21.64,5.41
2024-08-26,35.8,28.1,31.9,0.0,0.0,0.0,14.4,24.8,161,17.98,4.64
2024-08-27,30.6,24.2,26.9,0.5,0.5,0.0,25.9,49.3,302,11.04,3.65
2024-08-28,31.7,24.3,27.4,2.9,2.9,0.0,15.8,29.9,34,17.75,4.17
2024-08-29,31.8,24.9,28.2,4.0,4.0,0.0,11.1,25.6,55,18.18,4.02
2024-08-30,33.8,26.2,29.9,0.0,0.0,0.0,9.4,19.1,92,21.46,4.76
2024-08-31,34.5,27.2,31.0,0.1,0.1,0.0,9.3,19.8,114,20.98,4.82
2024-09-01,37.3,28.8,32.9,0.0,0.0,0.0,8.4,19.1,254,21.81,5.3
2024-09-02,34.3,28.2,31.2,1.1,1.1,0.0,17.7,38.2,36,18.06,4.68
2024-09-03,32.5,24.9,28.3,0.0,0.0,0.0,15.4,27.7,57,18.42,4.46
2024-09-04,33.0,25.2,29.3,0.0,0.0,0.0,11.4,25.9,105,17.56,4.31
2024-09-05,35.5,27.2,31.3,0.0,0.0,0.0,14.4,26.6,53,21.23,5.54
2024-09-06,34.0,27.0,30.0,1.3,1.3,0.0,19.0,36.7,50,19.74,5.29
2024-09-07,34.2,25.6,30.0,0.0,0.0,0.0,12.7,28.8,81,20.95,5.32
2024-09-08,34.5,26.5,30.3,0.0,0.0,0.0,14.8,30.2,94,21.44,5.61
2024-09-09,34.5,26.8,30.7,0.0,0.0,0.0,15.2,30.2,95,21.3,5.77
2024-09-10,34.8,27.0,30.8,0.0,0.0,0.0,16.3,32.8,75,20.44,5.81
2024-09-11,28.9,25.2,26.4,16.0,16.0,0.0,27.7,51.5,10,6.52,1.91
2024-09-12,30.8,24.2,27.3,4.2,4.2,0.0,16.4,29.5,60,13.26,2.86
2024-09-13,31.4,23.0,26.9,0.3,0.3,0.0,10.8,20.9,305,17.35,3.8
2024-09-14,30.9,24.0,27.3,2.3,2.3,0.0,12.4,24.8,358,15.09,3.4
2024-09-15,30.3,24.0,26.7,3.7,3.7,0.0,23.0,43.6,36,18.57,4.15
2024-09-16,29.8,22.0,26.2,0.2,0.2,0.0,26.6,47.5,346,14.94,4.18
2024-09-17,27.4,24.5,25.8,15.8,15.8,0.0,25.5,47.5,254,3.34,1.04
2024-09-18,32.3,25.0,28.5,0.0,0.0,0.0,19.5,34.9,101,17.88,4.27
2024-09-19,32.5,25.2,28.6,0.7,0.7,0.0,17.6,32.4,57,17.69,4.35
2024-09-20,31.9,25.8,28.8,0.7,0.7,0.0,17.1,33.1,352,16.29,3.95
2024-09-21,27.5,21.6,23.5,0.3,0.3,0.0,24.6,45.4,2,7.84,2.86
2024-09-22,23.1,17.0,20.0,0.0,0.0,0.0,21.2,41.8,17,20.47,4.81
2024-09-23,24.5,15.4,20.3,0.0,0.0,0.0,13.0,28.1,34,19.39,4.01
2024-09-24,25.7,16.2,20.9,0.0,0.0,0.0,9.1,18.0,31,19.86,3.86
2024-09-25,27.1,16.5,21.9,0.0,0.0,0.0,7.9,16.2,41,18.13,3.57
2024-09-26,28.2,19.9,23.8,1.6,1.6,0.0,12.6,25.6,75,14.13,3.1
2024-09-27,29.0,21.2,24.8,1.3,1.3,0.0,21.7,40.7,89,13.67,3.26
2024-09-28,29.0,21.2,24.9,0.0,0.0,0.0,17.7,36.0,96,18.99,4.56
2024-09-29,30.0,20.9,25.4,0.0,0.0,0.0,23.6,44.3,103,18.67,4.45
2024-09-30,29.5,19.1,25.2,1.4,1.4,0.0,26.0,48.6,25,14.27,3.36
2024-10-01,23.1,16.3,19.3,1.0,1.0,0.0,22.2,43.9,337,12.06,3.52
2024-10-02,21.9,13.4,17.6,0.0,0.0,0.0,20.0,38.9,12,19.57,4.77
2024-10-03,22.0,11.1,16.7,0.0,0.0,0.0,14.3,28.4,32,19.29,3.89
2024-10-04,23.0,11.9,17.9,0.0,0.0,0.0,14.2,31.3,76,18.96,4.03
2024-10-05,25.5,14.7,19.5,1.0,1.0,0.0,18.0,35.6,87,15.34,3.36
2024-10-06,19.6,17.4,18.7,4.8,4.8,0.0,12.6,23.8,16,2.47,0.71
2024-10-07,17.1,13.1,15.9,10.7,10.7,0.0,14.3,28.4,14,3.03,0.66
2024-10-08,22.8,12.5,16.8,0.1,0.1,0.0,9.0,18.7,353,16.31,2.85
2024-10-09,23.1,14.8,18.4,0.0,0.0,0.0,8.0,15.5,142,17.86,3.2
2024-10-10,24.8,15.2,19.5,0.0,0.0,0.0,10.3,15.5,146,12.66,2.63
2024-10-11,25.4,16.1,20.8,0.0,0.0,0.0,13.9,24.8,119,17.22,3.58
2024-10-12,24.8,18.3,21.4,0.0,0.0,0.0,18.8,37.8,101,16.01,3.97
2024-10-13,25.9,18.4,21.1,1.8,1.8,0.0,13.9,23.4,47,10.0,2.23
2024-10-14,25.0,17.5,20.8,2.5,2.5,0.0,7.8,14.8,27,14.19,2.68
2024-10-15,25.0,19.7,21.9,0.1,0.1,0.0,12.0,23.4,86,7.98,2.01
2024-10-16,23.9,19.0,21.2,0.8,0.8,0.0,17.7,34.9,90,8.11,2.05
2024-10-17,25.2,19.4,21.9,8.6,8.6,0.0,20.1,39.2,114,6.46,1.55
2024-10-18,27.1,18.9,22.9,9.7,9.7,0.0,26.4,49.3,270,13.92,3.28
2024-10-19,18.4,13.4,16.7,0.0,0.0,0.0,24.6,46.1,19,4.62,2.41
2024-10-20,19.6,10.6,14.8,0.0,0.0,0.0,17.2,35.6,43,13.39,2.63
2024-10-21,19.9,14.8,16.9,5.0,5.0,0.0,9.5,17.6,33,10.37,1.97
2024-10-22,18.0,12.2,15.4,10.4,10.4,0.0,24.0,45.0,325,7.14,1.55
2024-10-23,18.9,8.2,13.2,0.0,0.0,0.0,10.0,16.6,27,16.17,2.68
2024-10-24,19.6,9.0,14.2,0.0,0.0,0.0,11.2,25.2,81,16.0,2.67
2024-10-25,21.8,12.1,16.6,0.0,0.0,0.0,18.7,37.4,55,14.35,2.73
2024-10-26,19.0,15.9,17.4,2.7,2.7,0.0,13.8,27.7,0,3.2,0.88
2024-10-27,19.2,13.8,17.1,2.3,2.3,0.0,14.6,25.2,354,5.14,1.23
2024-10-28,21.1,13.5,16.4,0.0,0.0,0.0,9.7,18.7,13,12.3,2.22
2024-10-29,20.3,10.8,15.2,0.0,0.0,0.0,8.9,18.0,89,14.62,2.39
2024-10-30,20.8,9.9,15.3,0.0,0.0,0.0,15.7,32.4,71,15.1,2.78
2024-10-31,22.6,12.6,17.8,0.0,0.0,0.0,16.4,32.4,57,12.74,2.8
2024-11-01,21.0,14.5,17.4,0.2,0.2,0.0,24.5,47.5,1,9.49,2.56
2024-11-02,22.0,11.9,16.0,0.0,0.0,0.0,9.6,16.6,349,13.97,2.5
2024-11-03,22.7,12.3,17.0,0.0,0.0,0.0,9.4,13.7,58,14.11,2.41
2024-11-04,22.0,11.9,16.7,0.0,0.0,0.0,19.5,34.2,25,13.16,3.12
2024-11-05,19.1,10.9,14.5,0.0,0.0,0.0,11.5,21.6,34,14.04,2.79
2024-11-06,18.1,8.5,12.9,0.0,0.0,0.0,11.5,25.9,85,14.17,2.65
2024-11-07,17.2,9.1,12.9,0.0,0.0,0.0,19.3,38.9,100,13.84,2.68
2024-11-08,18.6,9.4,13.8,0.0,0.0,0.0,13.6,30.2,90,12.82,2.45
2024-11-09,19.2,13.2,16.0,1.4,1.4,0.0,12.2,25.6,75,4.92,1.21
2024-11-10,21.1,14.3,17.3,0.7,0.7,0.0,11.5,22.3,89,11.13,1.9
2024-11-11,21.8,12.4,16.6,0.0,0.0,0.0,9.3,20.2,90,13.03,2.33
2024-11-12,21.9,12.6,16.9,0.0,0.0,0.0,17.5,32.8,93,12.81,2.57
2024-11-13,22.2,15.1,18.2,0.4,0.4,0.0,18.0,36.0,98,11.2,2.26
2024-11-14,24.1,15.3,19.5,0.0,0.0,0.0,10.9,21.2,70,11.92,2.08
2024-11-15,23.3,16.6,19.7,0.0,0.0,0.0,10.8,21.2,42,8.06,1.59
2024-11-16,22.9,17.2,19.1,10.1,10.1,0.0,15.8,30.6,24,7.39,1.41
2024-11-17,17.0,10.8,12.5,10.1,10.1,0.0,29.1,51.1,20,2.86,1.09
2024-11-18,13.3,10.6,11.7,0.8,0.8,0.0,22.3,43.6,61,5.49,1.93
2024-11-19,12.7,9.6,10.9,0.0,0.0,0.0,12.6,23.0,58,3.55,1.05
2024-11-20,12.6,9.6,11.0,2.0,2.0,0.0,8.2,14.0,28,4.34,0.79
2024-11-21,15.1,8.9,11.4,0.0,0.0,0.0,5.8,10.4,345,10.81,1.57
2024-11-22,16.0,6.9,11.2,0.0,0.0,0.0,9.9,21.2,38,12.08,1.9
2024-11-23,15.3,7.6,11.1,0.0,0.0,0.0,13.5,26.6,73,12.25,2.12
2024-11-24,14.3,8.7,11.2,0.0,0.0,0.0,12.5,24.8,73,5.41,1.28
2024-11-25,12.0,7.8,10.7,5.0,5.0,0.0,23.7,45.4,312,3.0,0.87
2024-11-26,10.1,3.5,7.1,0.0,0.0,0.0,21.6,39.6,290,12.14,2.41
2024-11-27,10.8,5.2,7.2,0.0,0.0,0.0,25.8,50.0,289,12.46,2.53
2024-11-28,11.6,4.7,7.7,0.0,0.0,0.0,25.8,50.0,284,12.48,2.98
2024-11-29,16.1,3.7,8.8,0.0,0.0,0.0,18.9,36.7,261,12.25,2.52
2024-11-30,16.7,3.5,9.3,0.0,0.0,0.0,12.0,20.5,184,12.02,1.98
2024-12-01,18.9,4.6,10.6,0.0,0.0,0.0,8.3,17.6,197,11.94,1.9
2024-12-02,18.7,5.7,11.0,0.0,0.0,0.0,11.7,20.2,319,11.93,1.97
2024-12-03,14.3,6.8,10.2,0.0,0.0,0.0,11.2,23.8,37,7.46,1.29
2024-12-04,11.6,8.1,9.4,5.6,5.6,0.0,11.7,20.5,30,3.75,0.77
2024-12-05,11.9,6.3,8.4,0.3,0.3,0.0,8.4,19.8,313,8.3,1.1
2024-12-06,11.9,3.4,7.6,0.0,0.0,0.0,7.1,15.1,327,10.92,1.38
2024-12-07,12.2,3.5,7.5,0.0,0.0,0.0,14.8,30.6,355,11.08,1.74
2024-12-08,7.4,0.1,3.8,0.0,0.0,0.0,14.0,24.8,24,11.62,1.61
2024-12-09,9.2,0.6,5.1,0.0,0.0,0.0,10.5,22.7,71,8.36,1.39
2024-12-10,7.3,3.3,5.7,5.5,5.5,0.0,15.5,26.6,25,2.1,0.67
2024-12-11,9.9,3.0,5.6,0.8,0.8,0.0,12.3,25.2,349,7.0,1.13
2024-12-12,9.6,0.6,5.2,0.0,0.0,0.0,7.6,18.4,357,10.26,1.27
2024-12-13,8.7,2.0,5.0,0.0,0.0,0.0,22.5,43.9,315,11.15,1.74
2024-12-14,6.9,-1.5,2.5,0.0,0.0,0.0,11.5,23.4,312,11.39,1.46
2024-12-15,9.7,-0.9,3.3,0.0,0.0,0.0,12.0,24.5,270,11.54,1.66
2024-12-16,12.4,-1.0,4.5,0.0,0.0,0.0,10.3,17.3,208,11.66,1.66
2024-12-17,10.9,0.3,4.6,0.0,0.0,0.0,9.4,19.1,340,11.1,1.53
2024-12-18,6.7,-0.1,2.7,0.0,0.0,0.0,15.0,30.2,1,11.21,1.4
2024-12-19,4.9,-1.2,2.0,0.0,0.0,0.0,7.6,18.7,52,10.51,1.19
2024-12-20,8.2,-1.4,3.0,0.0,0.0,0.0,7.6,15.8,284,11.16,1.34
2024-12-21,6.8,-0.9,2.2,0.0,0.0,0.0,17.3,34.2,346,11.35,1.61
2024-12-22,3.5,-2.8,0.5,0.0,0.0,0.0,9.9,17.3,18,9.77,1.15
2024-12-23,6.3,1.6,3.5,0.0,0.0,0.0,7.2,15.8,28,5.34,0.78
2024-12-24,7.8,-0.3,3.6,0.0,0.0,0.0,7.6,14.4,31,10.93,1.24
2024-12-25,10.8,-0.1,5.0,0.0,0.0,0.0,7.4,17.3,331,10.84,1.4
2024-12-26,11.1,1.5,5.7,0.0,0.0,0.0,12.2,21.2,23,11.13,1.7
2024-12-27,9.0,-1.0,3.3,0.0,0.0,0.0,15.4,27.0,352,11.11,1.6
2024-12-28,7.2,-2.7,1.9,0.0,0.0,0.0,12.7,23.8,302,11.7,1.46
2024-12-29,9.2,-1.4,2.9,0.0,0.0,0.0,10.7,19.8,153,11.78,1.57
2024-12-30,12.9,-0.8,5.0,0.0,0.0,0.0,15.3,26.6,272,11.63,1.96
2024-12-31,9.1,-0.1,4.2,0.0,0.0,0.0,11.8,21.6,105,11.69,1.61
2025-01-01,11.9,1.5,5.8,0.0,0.0,0.0,10.6,24.1,117,11.74,1.77
2025-01-02,11.2,-0.3,5.1,0.0,0.0,0.0,11.2,20.9,342,11.19,1.53
2025-01-03,9.8,0.6,5.1,0.0,0.0,0.0,8.5,17.3,60,11.24,1.32
2025-01-04,11.9,2.5,7.0,0.0,0.0,0.0,10.7,19.1,75,10.21,1.41
2025-01-05,15.0,4.0,9.4,0.4,0.4,0.0,14.8,31.3,253,11.64,2.36
2025-01-06,12.4,2.8,6.9,0.0,0.0,0.0,15.7,31.3,337,11.94,2.29
2025-01-07,9.4,-0.2,4.2,0.0,0.0,0.0,9.6,18.4,341,11.17,1.54
2025-01-08,9.2,-0.7,4.1,0.0,0.0,0.0,17.0,34.9,309,9.93,1.92
2025-01-09,5.4,-2.0,1.9,0.0,0.0,0.0,13.3,29.2,14,10.63,1.94
2025-01-10,5.6,-3.0,1.1,0.0,0.0,0.0,7.8,20.2,352,12.37,1.54
2025-01-11,9.2,-1.4,3.1,0.0,0.0,0.0,17.4,34.6,237,11.39,1.81
2025-01-12,9.6,1.1,4.5,0.0,0.0,0.0,15.5,32.8,285,12.44,1.97
2025-01-13,13.9,0.9,6.4,0.0,0.0,0.0,11.0,19.8,149,11.8,1.84
2025-01-14,13.4,5.9,8.8,0.0,0.0,0.0,24.2,43.9,355,5.75,1.9
2025-01-15,6.2,-1.1,2.8,0.0,0.0,0.0,19.5,38.2,357,13.03,2.26
2025-01-16,10.1,-2.2,3.0,0.0,0.0,0.0,12.6,26.3,257,12.77,1.93
2025-01-17,9.4,-2.4,3.2,0.0,0.0,0.0,7.7,13.7,93,13.03,1.77
2025-01-18,11.4,0.0,5.0,0.0,0.0,0.0,7.0,17.6,121,12.6,1.68
2025-01-19,15.4,0.6,7.1,0.0,0.0,0.0,14.7,30.2,288,13.09,2.39
2025-01-20,12.8,0.2,6.3,0.0,0.0,0.0,9.1,16.9,110,11.05,1.77
2025-01-21,15.9,2.0,8.7,0.0,0.0,0.0,14.6,26.3,113,12.88,2.44
2025-01-22,17.0,3.7,9.7,0.0,0.0,0.0,9.0,21.6,36,12.91,2.15
2025-01-23,12.5,4.0,8.5,0.5,0.5,0.0,14.1,24.5,36,7.17,1.16
2025-01-24,13.4,7.8,9.9,1.5,1.5,0.0,20.6,40.3,60,5.45,1.19
2025-01-25,8.0,5.6,7.1,2.5,2.5,0.0,20.5,36.4,41,2.38,0.87
2025-01-26,5.7,1.4,3.6,5.6,5.6,0.0,23.7,46.1,319,4.3,0.89
2025-01-27,4.9,-3.5,0.6,0.0,0.0,0.0,20.1,40.0,294,14.21,1.99
2025-01-28,6.4,-3.1,1.1,0.0,0.0,0.0,17.8,36.7,292,14.31,1.97
2025-01-29,10.7,-0.5,4.4,0.0,0.0,0.0,15.3,28.8,137,14.16,2.13
2025-01-30,15.6,1.8,7.6,0.0,0.0,0.0,11.1,23.0,117,13.9,2.24
2025-01-31,8.6,5.6,6.7,4.4,4.4,0.0,13.8,25.6,2,2.8,0.55
2025-02-01,8.4,4.3,6.0,6.5,6.5,0.0,16.7,29.9,5,5.17,0.77
2025-02-02,8.2,2.6,5.7,0.7,0.7,0.0,13.9,23.8,10,4.67,0.71
2025-02-03,9.9,2.8,6.4,0.6,0.6,0.0,13.2,27.4,343,10.86,1.52
2025-02-04,10.8,-0.3,4.9,0.0,0.0,0.0,16.1,32.8,288,14.92,2.01
2025-02-05,9.2,0.0,4.0,0.0,0.0,0.0,18.7,37.8,328,13.59,2.0
2025-02-06,10.3,-1.1,3.8,0.0,0.0,0.0,10.5,22.7,156,14.18,1.92
2025-02-07,3.2,-4.3,-0.7,0.0,0.0,0.0,27.1,49.0,339,15.61,2.19
2025-02-08,1.3,-6.0,-2.5,0.0,0.0,0.0,10.2,25.9,339,15.77,1.78
2025-02-09,4.2,-3.6,0.2,0.0,0.0,0.0,8.3,18.0,86,15.85,1.81
2025-02-10,10.5,-0.1,4.5,0.0,0.0,0.0,14.3,26.3,112,15.02,2.24
2025-02-11,10.6,3.8,6.8,5.1,5.1,0.0,14.4,30.6,131,6.31,1.19
2025-02-12,9.1,3.2,6.3,0.0,0.0,0.0,23.1,45.0,323,9.04,1.45
2025-02-13,8.8,-0.6,4.2,0.0,0.0,0.0,7.3,16.6,77,16.21,2.05
2025-02-14,7.4,3.1,5.4,0.1,0.1,0.0,7.1,15.8,118,3.41,0.68
2025-02-15,14.1,2.8,7.8,0.0,0.0,0.0,10.7,18.7,213,13.66,1.93
2025-02-16,15.9,2.2,8.6,0.0,0.0,0.0,17.1,34.2,302,14.91,2.78
2025-02-17,10.6,3.7,7.0,0.0,0.0,0.0,13.5,27.7,84,8.58,1.82
2025-02-18,12.6,2.5,7.6,0.0,0.0,0.0,12.8,28.4,117,16.38,2.43
2025-02-19,14.0,3.0,8.8,0.0,0.0,0.0,17.4,35.3,77,14.48,2.81
2025-02-20,11.9,4.4,8.0,1.2,1.2,0.0,17.8,36.7,84,9.78,1.95
2025-02-21,10.2,3.2,6.8,0.3,0.3,0.0,13.7,26.3,98,11.62,1.74
2025-02-22,9.4,5.1,6.9,0.4,0.4,0.0,14.8,30.2,95,6.42,1.38
2025-02-23,9.7,3.2,5.9,0.4,0.4,0.0,19.6,40.0,347,11.69,1.76
2025-02-24,7.9,-1.9,3.6,0.0,0.0,0.0,10.7,18.4,65,18.02,2.3
2025-02-25,12.1,4.9,7.3,0.1,0.1,0.0,13.3,26.3,203,7.68,1.41
2025-02-26,14.0,2.3,8.4,0.2,0.2,0.0,12.2,26.6,144,16.67,2.52
2025-02-27,18.6,7.5,12.5,0.0,0.0,0.0,13.2,24.8,152,16.5,2.76
2025-02-28,20.8,8.7,15.1,0.6,0.6,0.0,15.0,31.7,133,13.43,2.28
2025-03-01,25.6,14.8,20.2,0.0,0.0,0.0,13.1,26.6,164,14.89,3.19
2025-03-02,27.0,6.8,18.7,10.7,10.7,0.0,27.8,53.3,209,10.91,2.93
2025-03-03,6.8,2.8,5.5,13.6,13.6,0.0,21.6,42.8,5,2.62,0.65
2025-03-04,6.3,2.6,4.3,0.3,0.3,0.0,18.1,35.6,329,5.42,0.83
2025-03-05,8.8,3.3,6.2,0.3,0.3,0.0,15.8,31.3,12,7.76,1.27
2025-03-06,12.5,3.2,7.7,0.0,0.0,0.0,15.1,32.4,23,17.1,2.54
2025-03-07,10.7,4.2,7.4,0.0,0.0,0.0,13.1,29.5,113,15.61,2.25
2025-03-08,14.6,4.2,9.4,0.0,0.0,0.0,14.6,24.5,128,18.08,2.79
2025-03-09,15.3,7.0,10.8,0.0,0.0,0.0,14.6,31.0,107,13.97,2.5
2025-03-10,17.0,8.6,12.6,0.0,0.0,0.0,11.5,23.0,133,17.2,2.69
2025-03-11,20.0,7.2,14.2,0.9,0.9,0.0,10.4,25.9,139,17.77,2.78
2025-03-12,16.4,12.8,14.5,3.2,3.2,0.0,12.6,23.8,39,3.9,0.86
2025-03-13,14.6,9.7,12.1,2.4,2.4,0.0,22.8,44.3,76,5.62,1.49
2025-03-14,11.9,8.6,9.8,6.5,6.5,0.0,15.0,28.1,56,4.58,1.15
2025-03-15,10.8,7.6,9.2,0.3,0.3,0.0,16.4,31.7,9,4.91,1.13
2025-03-16,10.4,4.1,7.3,0.1,0.1,0.0,21.3,44.3,336,19.32,2.8
2025-03-17,15.1,1.2,7.9,0.0,0.0,0.0,18.7,35.6,256,20.94,3.37
2025-03-18,13.6,4.3,8.9,0.0,0.0,0.0,14.3,28.1,10,20.59,3.11
2025-03-19,16.4,4.8,10.4,0.0,0.0,0.0,13.8,24.5,167,20.73,3.37
2025-03-20,22.5,6.1,14.2,0.0,0.0,0.0,20.2,40.7,256,20.53,4.6
2025-03-21,25.8,10.4,17.4,0.0,0.0,0.0,18.2,38.2,251,21.3,5.25
2025-03-22,28.3,11.6,19.5,0.0,0.0,0.0,17.8,37.8,252,21.06,5.55
2025-03-23,22.5,11.5,17.4,0.0,0.0,0.0,14.2,24.5,230,7.47,2.57
2025-03-24,30.0,11.4,20.1,0.0,0.0,0.0,20.7,43.2,232,21.28,5.49
2025-03-25,30.9,15.1,22.2,0.0,0.0,0.0,19.7,37.8,193,21.5,5.79
2025-03-26,32.2,19.2,25.5,0.0,0.0,0.0,26.3,52.9,183,20.88,6.33
2025-03-27,21.0,11.8,17.3,15.3,15.3,0.0,28.2,52.2,4,11.43,3.53
2025-03-28,12.3,7.8,9.9,1.5,1.5,0.0,20.4,38.2,319,8.18,2.17
2025-03-29,13.6,6.7,9.6,0.0,0.0,0.0,14.8,27.7,292,12.7,2.41
2025-03-30,13.3,5.6,9.6,0.0,0.0,0.0,13.2,29.5,145,16.96,2.63
2025-03-31,14.8,6.4,10.9,0.0,0.0,0.0,10.7,26.6,131,20.87,3.38
2025-04-01,18.2,6.4,12.6,0.0,0.0,0.0,11.3,27.7,147,22.27,3.78
2025-04-02,23.2,8.3,16.2,0.0,0.0,0.0,18.0,38.2,336,21.99,4.91
2025-04-03,21.6,10.9,16.4,0.0,0.0,0.0,15.8,36.0,117,20.77,4.89
2025-04-04,24.8,12.1,18.0,0.0,0.0,0.0,17.1,36.7,165,12.85,3.71
2025-04-05,25.1,14.9,19.7,0.0,0.0,0.0,15.4,34.2,304,21.14,5.54
2025-04-06,27.2,11.6,19.7,0.0,0.0,0.0,14.4,28.1,163,22.82,5.59
2025-04-07,27.2,15.3,21.3,0.0,0.0,0.0,23.4,47.5,185,16.78,5.6
2025-04-08,28.9,14.1,22.3,0.0,0.0,0.0,11.4,28.8,146,21.22,4.96
2025-04-09,30.8,17.5,24.4,0.0,0.0,0.0,11.8,25.6,256,17.59,4.37
2025-04-10,30.2,19.1,24.6,0.0,0.0,0.0,14.4,29.9,223,18.05,4.88
2025-04-11,29.4,19.5,24.3,6.6,6.6,0.0,17.5,40.3,156,13.31,3.88
2025-04-12,19.4,8.4,14.7,4.7,4.7,0.0,36.5,73.1,323,10.41,3.51
2025-04-13,23.4,7.3,15.3,0.0,0.0,0.0,27.9,54.0,251,23.35,5.93
2025-04-14,21.2,11.9,16.5,0.0,0.0,0.0,22.3,44.3,319,23.14,4.75
2025-04-15,26.3,10.1,18.4,0.0,0.0,0.0,15.2,29.2,193,23.31,5.11
2025-04-16,29.2,18.6,23.2,0.0,0.0,0.0,22.1,43.6,194,20.63,6.42
2025-04-17,29.9,17.7,23.7,0.0,0.0,0.0,21.4,44.3,189,20.57,5.62
2025-04-18,30.6,18.2,24.7,0.0,0.0,0.0,19.4,40.7,163,22.66,5.42
2025-04-19,26.5,21.4,23.7,0.0,0.0,0.0,14.9,33.1,319,17.06,4.02
2025-04-20,28.1,17.2,22.9,0.0,0.0,0.0,18.2,34.9,93,22.56,5.77
2025-04-21,27.1,20.4,22.5,16.2,16.2,0.0,21.9,42.8,144,9.76,2.4
2025-04-22,22.9,18.0,20.2,0.0,0.0,0.0,18.2,35.3,341,9.82,2.14
2025-04-23,25.3,15.3,20.3,0.4,0.4,0.0,9.2,22.3,252,22.13,4.25
2025-04-24,23.7,15.1,19.3,0.7,0.7,0.0,11.6,20.9,46,7.62,1.94
2025-04-25,23.0,13.4,18.4,0.0,0.0,0.0,13.4,29.5,103,23.46,4.95
2025-04-26,25.9,15.0,20.8,0.0,0.0,0.0,16.9,33.8,122,23.19,5.48
2025-04-27,26.4,18.8,22.3,0.3,0.3,0.0,11.4,24.1,229,12.18,3.17
2025-04-28,28.0,17.4,22.3,0.0,0.0,0.0,12.5,26.6,324,22.91,5.31
2025-04-29,29.1,17.1,23.1,0.0,0.0,0.0,13.8,24.5,197,23.21,5.37
2025-04-30,32.2,18.5,24.7,0.1,0.1,0.0,23.9,45.7,205,20.25,5.97
2025-05-01,30.0,19.0,24.2,0.0,0.0,0.0,16.4,35.3,298,24.09,5.81
2025-05-02,33.3,19.5,26.1,0.0,0.0,0.0,26.5,52.2,190,24.28,7.46
2025-05-03,27.2,20.5,23.5,0.0,0.0,0.0,20.2,40.7,21,18.1,5.28
2025-05-04,27.9,17.2,22.7,0.0,0.0,0.0,20.3,43.6,104,22.76,6.87
2025-05-05,25.0,15.5,20.1,14.3,14.3,0.0,16.8,36.4,334,15.74,3.28
2025-05-06,24.2,17.0,20.9,0.0,0.0,0.0,19.5,35.3,301,22.45,4.62
2025-05-07,26.8,16.6,21.8,0.0,0.0,0.0,21.4,38.5,110,24.91,5.43
2025-05-08,21.4,19.1,20.1,50.6,50.6,0.0,22.9,42.8,117,4.3,1.35
2025-05-09,24.7,17.6,20.7,0.1,0.1,0.0,25.4,49.0,291,19.12,3.99
2025-05-10,19.8,15.6,17.7,0.0,0.0,0.0,23.8,46.1,294,17.35,3.88
2025-05-11,26.6,13.2,19.8,0.0,0.0,0.0,17.5,36.7,248,25.6,5.58
2025-05-12,28.4,15.8,22.0,0.0,0.0,0.0,20.5,39.6,190,25.49,6.22
2025-05-13,30.5,19.0,24.7,0.0,0.0,0.0,18.5,37.1,180,22.05,6.49
2025-05-14,33.5,21.9,26.7,2.5,2.5,0.0,20.2,37.4,211,16.82,4.74
2025-05-15,24.5,21.2,22.4,7.8,7.8,0.0,9.1,15.8,48,6.01,1.37
2025-05-16,28.2,20.2,23.9,1.8,1.8,0.0,11.6,20.5,107,21.77,4.42
2025-05-17,31.9,21.2,25.7,0.0,0.0,0.0,20.8,39.6,301,21.11,5.41
2025-05-18,25.5,18.5,22.4,0.0,0.0,0.0,14.6,30.2,111,14.68,3.73
2025-05-19,34.0,22.0,27.8,0.0,0.0,0.0,16.9,31.3,176,24.36,6.09
2025-05-20,32.5,24.2,28.1,0.9,0.9,0.0,21.3,40.3,188,20.29,5.25
2025-05-21,32.3,24.1,28.3,0.7,0.7,0.0,15.9,32.8,173,22.5,5.11
2025-05-22,34.0,24.0,29.2,19.5,19.5,0.0,20.0,41.0,127,18.27,5.33
2025-05-23,23.9,16.5,20.5,26.0,26.0,0.0,28.1,49.0,23,6.45,1.84
2025-05-24,22.6,16.4,19.7,0.1,0.1,0.0,15.0,30.2,331,20.18,3.88
2025-05-25,26.1,16.0,21.4,0.0,0.0,0.0,7.7,18.7,143,22.7,4.65
2025-05-26,25.9,18.8,22.4,0.5,0.5,0.0,9.9,23.8,124,22.24,4.34
2025-05-27,27.8,19.7,23.7,0.0,0.0,0.0,9.0,22.7,119,20.56,4.36
2025-05-28,26.8,20.5,23.5,0.5,0.5,0.0,12.4,26.6,117,18.85,4.11
2025-05-29,28.6,18.9,23.9,0.0,0.0,0.0,15.4,33.5,131,25.39,5.67
2025-05-30,31.2,20.0,25.7,0.0,0.0,0.0,14.6,33.5,135,25.25,6.41
2025-05-31,24.9,20.0,21.7,43.9,43.9,0.0,16.3,29.2,118,2.76,1.4
2025-06-01,23.0,18.6,20.2,25.6,25.6,0.0,14.8,25.9,54,6.46,1.37
2025-06-02,22.2,18.2,19.8,7.4,7.4,0.0,17.9,34.9,344,10.4,2.1
2025-06-03,27.3,15.9,22.1,0.0,0.0,0.0,8.1,20.2,182,23.09,4.44
2025-06-04,29.2,18.9,24.8,0.0,0.0,0.0,9.0,19.8,179,20.28,4.24
2025-06-05,31.4,21.9,26.9,0.6,0.6,0.0,16.4,33.5,169,23.88,5.4
2025-06-06,32.5,23.5,27.8,0.3,0.3,0.0,15.4,31.0,185,20.66,4.77
2025-06-07,27.0,24.0,25.3,38.7,38.7,0.0,12.8,26.6,69,7.21,1.47
2025-06-08,27.8,22.6,25.1,10.2,10.2,0.0,15.8,30.6,63,13.81,2.91
2025-06-09,27.0,21.5,24.1,1.3,1.3,0.0,9.3,27.0,113,17.89,3.49
2025-06-10,25.9,22.6,24.2,2.8,2.8,0.0,9.2,19.4,68,8.03,1.79
2025-06-11,27.0,21.5,23.9,0.4,0.4,0.0,14.2,29.5,106,13.06,2.97
2025-06-12,25.6,21.2,23.3,0.6,0.6,0.0,17.5,32.4,103,9.25,2.08
2025-06-13,30.0,22.3,26.2,0.0,0.0,0.0,10.5,22.0,95,18.53,3.75
2025-06-14,31.5,24.6,28.2,1.5,1.5,0.0,19.5,34.2,181,20.13,4.39
2025-06-15,28.9,23.6,26.3,12.4,12.4,0.0,17.1,31.3,226,11.7,2.81
2025-06-16,33.2,22.0,27.3,0.0,0.0,0.0,18.8,41.0,215,24.7,5.59
2025-06-17,32.6,23.5,28.3,0.0,0.0,0.0,16.8,34.6,171,24.69,5.5
2025-06-18,31.3,26.5,28.7,0.0,0.0,0.0,23.8,45.7,174,20.46,5.13
2025-06-19,28.5,24.5,26.1,17.6,17.6,0.0,28.8,55.8,177,9.27,2.44
2025-06-20,27.3,25.0,26.1,25.5,25.5,0.0,25.9,46.1,194,4.42,1.38
2025-06-21,25.1,20.6,23.2,47.6,47.6,0.0,15.8,31.7,337,4.01,0.94
2025-06-22,26.0,20.0,22.8,0.9,0.9,0.0,14.0,27.4,50,12.22,2.66
2025-06-23,24.0,21.0,22.0,9.1,9.1,0.0,16.5,30.6,67,4.9,1.23
2025-06-24,27.8,19.5,23.7,0.0,0.0,0.0,9.6,20.2,96,20.96,4.19
2025-06-25,28.4,21.9,25.5,0.0,0.0,0.0,9.2,22.0,117,22.25,4.51
2025-06-26,32.0,25.0,27.6,3.1,3.1,0.0,16.9,40.3,176,17.71,3.69
2025-06-27,27.1,23.5,25.5,17.2,17.2,0.0,8.6,14.8,69,6.1,1.35
2025-06-28,31.0,25.4,27.5,7.6,7.6,0.0,15.9,31.7,165,13.48,3.02
2025-06-29,29.8,26.5,27.8,1.6,1.6,0.0,20.0,39.2,180,18.35,4.07
2025-06-30,31.9,25.7,28.9,0.8,0.8,0.0,16.4,31.3,170,21.77,4.9
2025-07-01,34.1,27.0,30.5,0.0,0.0,0.0,19.5,38.9,174,24.52,5.83
2025-07-02,35.5,27.5,31.6,0.0,0.0,0.0,16.2,33.8,175,24.53,6.09
2025-07-03,38.0,29.0,33.4,0.0,0.0,0.0,16.3,34.6,183,25.2,6.77
2025-07-04,39.2,28.9,34.0,0.0,0.0,0.0,14.7,32.0,183,26.0,6.97
2025-07-05,39.2,28.9,34.4,0.0,0.0,0.0,11.1,26.3,186,25.87,6.86
2025-07-06,38.4,29.4,34.4,0.0,0.0,0.0,10.3,25.6,134,23.67,6.18
2025-07-07,39.0,29.1,34.0,0.7,0.7,0.0,15.7,32.4,114,24.06,6.73
2025-07-08,35.7,28.1,31.4,4.4,4.4,0.0,20.2,38.5,98,22.94,6.22
2025-07-09,35.9,27.5,31.4,1.4,1.4,0.0,24.1,48.6,80,22.01,6.64
2025-07-10,34.7,27.1,30.5,1.6,1.6,0.0,22.3,43.9,81,23.62,6.53
2025-07-11,32.5,26.1,28.7,6.4,6.4,0.0,17.5,38.9,72,19.83,4.82
2025-07-12,30.5,25.4,27.4,9.0,9.0,0.0,18.0,35.3,62,18.39,3.83
2025-07-13,33.0,25.4,29.3,0.2,0.2,0.0,7.7,19.8,27,24.06,5.09
2025-07-14,33.6,26.5,29.7,3.7,3.7,0.0,10.4,24.5,287,22.43,4.86
2025-07-15,36.0,27.6,31.7,0.1,0.1,0.0,14.6,26.6,198,22.17,5.51
2025-07-16,37.5,28.4,32.1,16.1,16.1,0.0,16.0,34.2,182,19.91,5.08
2025-07-17,35.2,26.2,30.5,0.9,0.9,0.0,12.9,25.2,5,22.46,5.47
2025-07-18,34.5,25.9,30.2,0.0,0.0,0.0,15.0,28.8,63,24.4,6.2
2025-07-19,35.4,25.8,30.7,1.5,1.5,0.0,16.2,34.2,93,23.21,6.11
2025-07-20,37.0,28.4,32.4,0.0,0.0,0.0,23.5,47.2,112,24.42,7.37
2025-07-21,36.5,28.4,32.4,0.0,0.0,0.0,25.4,51.5,107,24.22,7.58
2025-07-22,34.9,28.1,30.8,0.5,0.5,0.0,23.9,46.8,119,18.33,5.76
2025-07-23,35.6,27.8,31.4,0.0,0.0,0.0,18.7,37.1,117,23.41,6.59
2025-07-24,36.0,27.5,31.9,0.0,0.0,0.0,19.8,38.5,113,25.1,7.18
2025-07-25,36.8,27.5,32.0,0.0,0.0,0.0,20.8,40.0,99,23.57,7.11
2025-07-26,34.5,27.3,30.6,1.5,1.5,0.0,20.2,40.3,68,18.91,5.42
2025-07-27,34.7,27.0,30.5,0.3,0.3,0.0,19.6,38.9,66,20.54,5.59
2025-07-28,34.1,26.9,29.6,3.4,3.4,0.0,14.6,33.8,60,19.84,4.95
2025-07-29,33.5,26.0,29.7,2.5,2.5,0.0,19.5,36.4,95,22.51,5.3
2025-07-30,34.2,26.2,29.6,0.3,0.3,0.0,22.4,45.4,23,22.29,5.92
2025-07-31,29.0,25.1,26.7,26.0,26.0,0.0,27.9,51.1,336,9.05,2.62
2025-08-01,28.8,25.4,26.6,17.4,17.4,0.0,16.9,30.6,310,8.84,1.92
2025-08-02,31.5,25.5,28.1,1.4,1.4,0.0,14.2,28.8,296,17.83,3.77
2025-08-03,33.7,26.4,30.0,0.1,0.1,0.0,8.1,17.3,339,23.9,5.16
2025-08-04,33.4,28.2,30.9,0.4,0.4,0.0,14.8,29.9,118,23.3,5.2
2025-08-05,33.8,27.9,30.8,0.3,0.3,0.0,11.8,25.6,128,22.09,4.91
2025-08-06,34.2,28.8,31.3,0.0,0.0,0.0,18.1,37.1,190,22.68,5.54
2025-08-07,33.3,27.9,30.3,0.5,0.5,0.0,16.2,30.6,188,22.14,5.47
2025-08-08,32.4,27.1,29.7,1.2,1.2,0.0,11.9,27.4,201,19.05,4.24
2025-08-09,34.2,27.6,30.7,0.4,0.4,0.0,12.9,31.0,210,16.42,4.17
2025-08-10,29.1,26.1,27.3,30.7,30.7,0.0,11.2,22.7,273,6.09,1.38
2025-08-11,26.4,24.9,25.8,24.9,24.9,0.0,13.9,25.2,312,4.32,0.97
2025-08-12,28.7,24.5,26.2,8.4,8.4,0.0,8.4,22.7,72,10.05,2.1
2025-08-13,30.0,25.5,26.9,19.0,19.0,0.0,10.8,23.0,41,7.97,1.7
2025-08-14,33.2,25.6,29.5,0.0,0.0,0.0,16.9,33.1,100,23.33,5.18
2025-08-15,34.3,27.8,30.6,0.5,0.5,0.0,12.9,23.8,139,22.9,5.13
2025-08-16,34.8,28.0,31.3,0.0,0.0,0.0,9.7,22.3,134,23.21,5.25
2025-08-17,35.2,27.8,31.5,0.0,0.0,0.0,10.9,20.9,116,24.05,5.67
2025-08-18,35.7,27.8,31.6,0.0,0.0,0.0,10.8,24.5,141,23.48,5.58
2025-08-19,35.5,28.0,31.9,0.0,0.0,0.0,12.7,24.1,175,22.73,5.7
2025-08-20,35.8,28.1,32.1,0.0,0.0,0.0,14.9,29.9,177,23.1,6.25
2025-08-21,36.1,28.5,32.2,0.0,0.0,0.0,18.5,34.2,181,21.68,6.03
2025-08-22,35.2,26.9,30.4,0.6,0.6,0.0,15.1,34.6,186,21.4,5.31
2025-08-23,33.6,26.1,29.7,1.6,1.6,0.0,15.7,33.8,190,21.77,5.05
2025-08-24,36.6,28.0,31.7,0.6,0.6,0.0,10.5,31.7,189,21.1,5.36
2025-08-25,36.6,26.2,29.7,12.5,12.5,0.0,13.5,27.7,230,19.53,4.48
2025-08-26,33.2,26.5,29.6,0.2,0.2,0.0,9.8,24.1,147,19.7,4.39
2025-08-27,34.7,27.5,31.0,0.0,0.0,0.0,11.5,26.6,123,22.44,5.18
2025-08-28,36.0,28.5,32.1,0.0,0.0,0.0,8.4,20.2,173,21.62,5.19
2025-08-29,35.8,28.1,31.8,0.1,0.1,0.0,10.3,30.2,281,20.71,4.91
2025-08-30,31.5,25.2,28.2,6.8,6.8,0.0,9.6,20.9,307,13.15,2.94
2025-08-31,30.6,25.0,26.7,3.9,3.9,0.0,13.5,29.2,258,14.65,3.07
2025-09-01,27.9,24.0,25.5,19.4,19.4,0.0,9.0,21.6,300,9.15,1.89
2025-09-02,30.4,23.6,26.7,0.1,0.1,0.0,9.9,19.4,75,18.6,3.79
2025-09-03,31.7,24.0,28.0,0.3,0.3,0.0,8.3,14.8,79,20.13,4.26
2025-09-04,32.8,25.6,28.8,0.7,0.7,0.0,9.5,17.3,72,19.26,4.22
2025-09-05,33.5,26.6,30.0,0.4,0.4,0.0,11.2,25.2,132,20.83,4.52
2025-09-06,31.4,25.9,27.9,4.1,4.1,0.0,16.5,32.0,320,13.31,2.97
2025-09-07,31.6,24.9,28.1,0.0,0.0,0.0,8.2,15.8,344,15.57,3.4
2025-09-08,30.8,24.8,27.4,6.6,6.6,0.0,15.7,29.9,34,14.21,3.11
2025-09-09,27.2,23.5,25.1,29.1,29.1,0.0,13.0,25.9,66,9.48,2.07
2025-09-10,28.1,23.0,25.3,9.1,9.1,0.0,16.1,32.4,94,11.47,2.43
2025-09-11,29.4,23.7,26.4,10.4,10.4,0.0,21.0,40.3,114,15.26,3.13
2025-09-12,29.7,22.7,26.4,2.4,2.4,0.0,16.6,32.0,282,12.87,2.81
2025-09-13,27.0,22.0,24.1,2.8,2.8,0.0,8.9,19.4,328,9.27,1.99
2025-09-14,29.6,24.0,26.4,2.9,2.9,0.0,8.7,23.8,150,13.4,2.73
2025-09-15,32.4,25.3,28.4,0.0,0.0,0.0,14.3,29.2,138,16.26,3.52
2025-09-16,33.7,26.0,29.7,1.4,1.4,0.0,10.9,24.1,168,18.91,4.31
2025-09-17,29.4,21.8,26.2,5.8,5.8,0.0,16.4,32.4,345,14.51,3.16
2025-09-18,25.0,20.4,22.2,8.5,8.5,0.0,15.9,31.7,37,7.64,2.02
2025-09-19,27.9,19.4,23.4,0.2,0.2,0.0,22.4,45.0,342,12.59,2.84
2025-09-20,21.5,17.8,19.6,0.0,0.0,0.0,15.8,29.9,1,10.44,2.29
2025-09-21,26.6,20.0,22.3,0.2,0.2,0.0,14.0,27.7,61,9.25,2.51
2025-09-22,28.1,20.6,24.0,0.0,0.0,0.0,11.8,22.3,62,12.33,2.95
2025-09-23,29.0,21.8,24.8,1.2,1.2,0.0,17.7,31.3,28,13.66,2.91
2025-09-24,24.1,19.4,21.4,6.4,6.4,0.0,19.0,33.8,341,6.52,1.5
2025-09-25,23.9,20.8,22.2,20.0,20.0,0.0,13.3,26.6,23,4.28,0.94
2025-09-26,27.0,22.0,24.2,0.8,0.8,0.0,10.7,20.5,40,6.72,1.44
2025-09-27,29.4,23.1,25.8,0.2,0.2,0.0,9.0,15.8,59,11.99,2.49
2025-09-28,28.8,22.7,25.3,1.3,1.3,0.0,13.3,28.4,342,14.71,3.04
2025-09-29,25.0,21.9,23.2,0.8,0.8,0.0,10.3,20.9,23,6.97,1.51
2025-09-30,26.0,21.3,23.2,13.4,13.4,0.0,8.0,18.0,16,8.76,1.83
2025-10-01,26.7,21.1,24.1,0.0,0.0,0.0,15.1,27.4,106,9.53,2.17
2025-10-02,30.6,20.4,25.3,1.6,1.6,0.0,15.2,29.9,263,10.41,2.49
2025-10-03,24.5,19.4,21.5,0.0,0.0,0.0,12.5,24.8,330,12.78,2.4
2025-10-04,27.0,20.5,23.7,0.0,0.0,0.0,7.1,19.1,86,13.82,2.65
2025-10-05,30.5,22.4,26.3,0.0,0.0,0.0,7.2,16.9,93,16.56,3.33
2025-10-06,32.7,25.0,28.0,0.8,0.8,0.0,11.3,24.1,333,16.29,3.57
2025-10-07,29.5,23.4,25.9,0.3,0.3,0.0,12.1,20.9,13,11.72,2.58
2025-10-08,29.5,23.9,26.5,0.1,0.1,0.0,15.3,29.2,95,11.67,2.73
2025-10-09,30.4,23.1,26.4,0.0,0.0,0.0,14.1,27.7,105,16.64,3.59
2025-10-10,27.7,21.5,24.3,0.0,0.0,0.0,11.9,23.4,346,16.57,3.26
2025-10-11,23.6,18.5,20.5,0.0,0.0,0.0,12.7,25.9,327,9.62,1.9
2025-10-12,25.1,18.5,21.2,0.0,0.0,0.0,16.5,30.6,340,9.91,2.02
2025-10-13,20.6,16.3,18.0,2.0,2.0,0.0,16.3,31.7,324,7.87,1.69
2025-10-14,20.2,16.9,18.4,1.9,1.9,0.0,9.2,19.8,19,5.89,1.2
2025-10-15,25.5,18.9,21.0,4.8,4.8,0.0,14.1,27.0,344,9.95,1.94
2025-10-16,22.5,18.9,20.7,1.4,1.4,0.0,10.3,20.9,19,4.22,1.0
2025-10-17,26.8,19.4,22.9,0.8,0.8,0.0,20.0,37.1,69,10.39,2.21
2025-10-18,18.0,13.2,15.5,9.0,9.0,0.0,20.4,38.5,17,2.31,0.84
2025-10-19,14.4,12.7,13.4,13.0,13.0,0.0,17.7,32.8,20,2.91,0.85
2025-10-20,14.1,10.3,12.7,0.1,0.1,0.0,21.2,41.8,25,7.35,1.95
2025-10-21,13.5,9.0,10.9,4.5,4.5,0.0,20.2,39.6,20,9.86,1.78
2025-10-22,16.8,8.9,12.3,0.0,0.0,0.0,15.0,32.4,21,15.51,2.71
2025-10-23,17.5,9.1,13.0,0.0,0.0,0.0,12.8,27.7,26,15.47,2.72
2025-10-24,18.8,9.8,14.1,0.0,0.0,0.0,12.3,24.8,34,15.06,2.65
2025-10-25,17.1,12.4,14.3,3.3,3.3,0.0,10.8,19.4,32,6.08,1.3
2025-10-26,17.5,12.0,14.2,0.0,0.0,0.0,9.0,20.9,360,9.64,1.66
2025-10-27,17.6,10.4,13.9,0.0,0.0,0.0,9.5,18.7,58,14.23,2.2
2025-10-28,18.9,10.8,14.5,0.0,0.0,0.0,14.7,31.0,106,15.07,2.72
2025-10-29,19.5,11.4,15.5,0.0,0.0,0.0,15.0,30.6,104,12.13,2.27
2025-10-30,16.4,14.5,15.6,18.1,18.1,0.0,9.2,15.8,43,2.42,0.58
2025-10-31,20.1,14.4,16.7,0.1,0.1,0.0,12.9,28.1,312,8.29,1.53
2025-11-01,22.4,12.6,16.9,0.0,0.0,0.0,9.6,19.4,262,13.24,2.46
2025-11-02,21.5,12.4,16.1,0.0,0.0,0.0,11.8,23.8,33,13.07,2.61
2025-11-03,16.9,10.4,13.5,0.0,0.0,0.0,13.7,27.4,90,12.72,2.28
2025-11-04,17.7,11.0,13.9,0.0,0.0,0.0,12.2,25.2,107,13.05,2.18
2025-11-05,19.5,10.1,14.7,0.0,0.0,0.0,14.2,28.1,91,13.9,2.28
2025-11-06,17.6,15.4,16.3,5.8,5.8,0.0,18.5,32.0,95,2.66,0.74
2025-11-07,18.0,16.1,17.0,17.2,17.2,0.0,15.4,29.2,99,2.42,0.5
2025-11-08,18.0,15.1,16.5,3.1,3.1,0.0,18.2,36.0,321,4.82,1.1
2025-11-09,16.5,13.1,14.7,0.9,0.9,0.0,13.3,27.0,351,3.51,0.73
2025-11-10,17.8,10.2,14.0,0.0,0.0,0.0,14.6,31.3,53,11.94,2.17
2025-11-11,17.8,11.8,14.2,0.0,0.0,0.0,12.6,27.4,56,12.65,2.3
2025-11-12,18.4,10.5,13.8,0.0,0.0,0.0,11.9,23.8,44,12.27,2.04
2025-11-13,19.4,11.6,14.7,0.0,0.0,0.0,9.6,22.3,16,12.63,2.07
2025-11-14,18.8,9.4,13.8,0.0,0.0,0.0,7.6,16.9,81,13.09,2.08
2025-11-15,19.9,10.4,14.9,0.0,0.0,0.0,9.8,22.7,110,13.02,2.16
2025-11-16,22.1,12.4,16.4,0.0,0.0,0.0,15.7,26.3,52,12.67,2.29
2025-11-17,14.6,3.1,6.8,2.3,2.3,0.0,27.7,51.1,3,1.7,1.46
2025-11-18,8.7,1.3,4.6,0.0,0.0,0.0,18.8,37.8,307,13.04,2.09
2025-11-19,11.6,1.1,5.5,0.0,0.0,0.0,13.4,27.4,283,13.05,2.0
2025-11-20,15.1,2.2,7.8,0.0,0.0,0.0,7.2,14.0,205,12.89,1.91
2025-11-21,17.1,4.8,9.8,0.0,0.0,0.0,10.4,17.6,290,12.74,2.01
2025-11-22,17.0,3.7,9.6,0.0,0.0,0.0,6.8,13.7,159,12.66,2.0
2025-11-23,17.8,5.6,11.5,0.0,0.0,0.0,8.1,14.4,205,9.52,1.66
2025-11-24,19.6,8.2,12.9,0.0,0.0,0.0,24.0,46.4,293,12.19,3.06
2025-11-25,12.6,3.9,8.2,0.0,0.0,0.0,19.0,34.2,297,12.7,2.25
2025-11-26,16.2,4.2,9.7,0.0,0.0,0.0,19.0,33.5,182,12.56,2.23
2025-11-27,12.2,5.8,9.1,0.0,0.0,0.0,21.0,40.0,301,12.58,2.76
2025-11-28,17.9,5.3,10.5,0.0,0.0,0.0,15.1,28.4,171,12.37,2.74
2025-11-29,20.6,7.2,12.7,0.0,0.0,0.0,13.8,24.1,185,12.3,2.43
2025-11-30,19.8,5.6,12.2,0.0,0.0,0.0,5.7,14.4,130,12.05,1.9
2025-12-01,16.8,7.9,12.0,0.0,0.0,0.0,14.1,25.6,55,11.67,2.11
2025-12-02,12.9,7.3,10.3,0.0,0.0,0.0,16.5,29.9,14,5.32,1.12
2025-12-03,9.1,3.5,6.4,0.0,0.0,0.0,12.3,25.6,15,11.84,1.6
2025-12-04,8.1,2.1,5.6,0.0,0.0,0.0,8.4,18.4,93,4.54,0.9
2025-12-05,10.9,5.4,7.5,0.0,0.0,0.0,12.3,27.4,102,11.44,1.88
2025-12-06,15.7,2.1,8.4,0.0,0.0,0.0,8.3,16.6,171,11.68,1.8
2025-12-07,17.4,4.2,10.2,0.0,0.0,0.0,9.0,14.8,309,11.48,1.71
2025-12-08,15.1,5.8,9.9,0.0,0.0,0.0,10.5,19.4,61,11.38,1.97
2025-12-09,15.6,5.3,9.8,0.0,0.0,0.0,16.3,32.8,103,11.44,2.29
2025-12-10,16.7,6.2,10.5,0.0,0.0,0.0,7.0,14.0,135,9.05,1.38
2025-12-11,17.0,7.2,11.1,0.0,0.0,0.0,23.8,42.8,33,10.55,1.95
2025-12-12,11.2,8.1,9.3,2.1,2.1,0.0,22.9,47.5,71,4.92,1.41
2025-12-13,7.6,1.7,4.6,3.4,3.4,0.0,26.1,51.5,314,8.32,1.35
2025-12-14,9.8,-1.2,3.9,0.0,0.0,0.0,9.8,21.6,234,11.63,1.51
2025-12-15,13.1,2.3,7.0,0.0,0.0,0.0,15.8,31.0,155,11.27,1.99
2025-12-16,15.9,3.7,9.4,0.0,0.0,0.0,9.1,18.4,306,11.06,1.71
2025-12-17,11.9,4.3,7.4,0.0,0.0,0.0,11.6,20.5,356,10.82,1.45
2025-12-18,14.1,3.3,7.9,0.0,0.0,0.0,13.4,28.1,128,11.25,1.55
2025-12-19,20.0,8.8,13.5,0.0,0.0,0.0,13.8,28.1,180,10.27,2.03
2025-12-20,12.6,6.7,10.2,1.9,1.9,0.0,18.9,37.1,345,5.86,1.43
2025-12-21,9.2,3.5,6.4,2.1,2.1,0.0,14.3,30.2,85,7.82,1.46
2025-12-22,9.0,4.3,6.8,0.0,0.0,0.0,18.0,34.9,101,4.23,1.09
2025-12-23,7.8,5.9,6.9,5.9,5.9,0.0,15.0,27.7,314,1.36,0.33
2025-12-24,6.4,3.7,5.6,0.1,0.1,0.0,12.5,25.2,356,2.76,0.65
2025-12-25,8.4,1.1,4.0,0.0,0.0,0.0,12.3,26.6,352,11.46,1.49
2025-12-26,6.2,-0.8,2.4,0.0,0.0,0.0,13.6,29.9,106,11.48,1.42
2025-12-27,10.1,-0.2,4.1,0.0,0.0,0.0,7.3,15.5,142,11.43,1.39
2025-12-28,13.9,1.1,7.1,0.0,0.0,0.0,13.9,24.5,164,11.56,1.81
2025-12-29,14.8,2.6,8.4,0.0,0.0,0.0,11.1,18.7,322,11.0,1.58
2025-12-30,12.9,4.9,8.6,0.0,0.0,0.0,15.1,26.6,62,8.85,1.5
2025-12-31,8.3,2.7,6.7,1.2,1.1,0.07,24.3,46.1,63,4.4,1.41
2026-01-01,3.2,0.6,1.7,8.3,1.2,4.97,19.0,34.2,16,5.62,0.7
2026-01-02,4.4,-1.4,1.2,0.0,0.0,0.0,11.0,22.0,332,9.4,0.99
2026-01-03,5.3,-1.5,1.6,0.0,0.0,0.0,10.3,23.4,121,11.65,1.24
2026-01-04,4.6,1.1,2.9,2.7,0.3,1.68,7.8,14.8,352,3.11,0.48
2026-01-05,7.2,1.4,4.5,0.2,0.2,0.0,13.8,27.4,319,5.78,0.78
2026-01-06,6.8,1.2,3.5,0.2,0.0,0.14,23.1,44.6,289,8.07,1.29
2026-01-07,9.8,-0.8,3.6,0.0,0.0,0.0,16.2,34.2,286,12.12,1.78
2026-01-08,9.4,-1.0,3.6,0.0,0.0,0.0,8.3,16.2,263,12.01,1.52
2026-01-09,14.0,0.5,5.9,0.0,0.0,0.0,15.1,29.2,201,12.2,2.0
2026-01-10,10.4,1.8,5.4,0.0,0.0,0.0,15.5,31.3,311,10.32,1.88
2026-01-11,8.0,-1.4,3.2,0.0,0.0,0.0,12.6,22.0,32,12.56,1.95
2026-01-12,16.8,1.4,7.8,0.0,0.0,0.0,12.3,23.4,210,11.25,2.35
2026-01-13,17.2,1.5,8.5,0.0,0.0,0.0,12.2,22.0,174,12.42,1.99
2026-01-14,19.6,3.0,10.0,0.0,0.0,0.0,7.4,14.4,185,12.0,1.86
2026-01-15,18.5,5.3,10.9,0.0,0.0,0.0,14.5,24.5,265,12.75,2.21
2026-01-16,19.9,5.8,12.1,0.0,0.0,0.0,13.1,22.3,80,12.53,2.3
2026-01-17,10.3,5.5,8.2,0.0,0.0,0.0,16.3,28.8,64,4.26,0.89
2026-01-18,12.6,5.2,8.5,1.0,1.0,0.0,15.5,28.4,20,7.17,1.11
2026-01-19,7.1,-2.0,2.1,5.5,3.2,1.61,22.5,42.8,16,1.72,0.45
2026-01-20,-2.5,-4.8,-3.7,5.1,0.0,3.57,18.3,34.2,7,6.35,0.54
2026-01-21,-1.0,-8.2,-4.5,0.0,0.0,0.0,13.3,25.6,0,13.4,1.09
2026-01-22,1.0,-6.6,-2.5,0.0,0.0,0.0,8.7,19.1,98,13.2,1.16
2026-01-23,6.5,-3.0,1.2,0.0,0.0,0.0,7.0,18.4,150,13.23,1.44
2026-01-24,8.6,-0.6,3.5,0.0,0.0,0.0,13.3,27.7,100,13.34,1.61
2026-01-25,7.7,1.5,4.7,1.9,1.9,0.0,12.3,24.5,58,5.09,0.76
2026-01-26,5.2,3.0,3.9,2.6,2.6,0.0,14.4,27.7,322,2.03,0.33
2026-01-27,6.4,3.0,4.4,0.1,0.1,0.0,11.8,25.2,28,5.46,0.74
2026-01-28,7.5,0.2,3.8,0.0,0.0,0.0,9.1,22.0,99,9.96,1.2
2026-01-29,9.8,2.0,5.6,3.1,3.1,0.0,17.4,33.8,81,8.12,1.28
2026-01-30,5.7,1.1,2.7,14.1,12.2,1.33,20.7,38.2,49,1.87,0.32
2026-01-31,5.1,1.0,3.0,0.5,0.5,0.0,11.8,21.6,23,5.78,0.71
2026-02-01,8.1,2.4,4.7,0.0,0.0,0.0,9.9,18.7,244,8.37,1.11
2026-02-02,11.1,0.1,5.2,0.0,0.0,0.0,8.0,14.4,186,14.24,1.84
2026-02-03,10.8,2.8,6.7,0.0,0.0,0.0,15.6,32.8,122,10.23,1.54
2026-02-04,14.4,3.1,9.1,0.0,0.0,0.0,7.5,15.1,162,14.28,1.99
2026-02-05,13.7,8.6,10.8,1.3,1.3,0.0,9.7,20.2,16,5.3,0.98
2026-02-06,9.9,0.7,4.1,5.4,4.1,0.91,23.3,40.7,48,2.47,0.58
2026-02-07,4.2,-0.5,1.6,0.0,0.0,0.0,13.4,27.7,9,6.73,0.95
2026-02-08,5.7,-2.7,1.4,0.0,0.0,0.0,10.7,18.0,53,15.58,1.76
2026-02-09,6.4,-0.4,2.8,0.2,0.2,0.0,15.0,30.2,147,8.24,1.44
2026-02-10,10.1,0.1,4.4,0.0,0.0,0.0,9.7,22.7,232,10.56,1.32
2026-02-11,12.6,1.1,6.3,0.0,0.0,0.0,10.1,18.7,229,15.79,2.15
2026-02-12,15.4,1.9,7.9,0.0,0.0,0.0,8.9,20.5,152,16.03,2.34
2026-02-13,16.5,2.6,9.4,0.0,0.0,0.0,8.9,19.1,143,15.63,2.39
2026-02-14,19.4,4.6,11.6,0.0,0.0,0.0,10.4,20.5,170,16.11,2.54
2026-02-15,20.6,7.1,12.3,1.1,1.1,0.0,26.1,49.0,52,14.57,2.72
2026-02-16,5.6,1.1,2.3,10.7,8.3,1.68,25.7,46.4,15,3.48,0.54
2026-02-17,7.6,1.2,3.9,0.0,0.0,0.0,11.0,20.2,293,11.03,1.35
2026-02-18,12.4,0.3,6.3,0.0,0.0,0.0,7.9,15.1,207,15.61,2.15
2026-02-19,15.7,4.2,9.1,0.0,0.0,0.0,16.7,29.9,189,13.07,2.17
2026-02-20,17.5,4.6,10.1,0.0,0.0,0.0,23.3,40.7,185,16.75,2.64
2026-02-21,20.7,7.7,13.4,0.0,0.0,0.0,19.5,33.8,189,17.2,3.13
2026-02-22,20.7,10.3,14.7,0.0,0.0,0.0,16.2,31.0,338,17.51,3.44
2026-02-23,15.9,7.7,11.3,5.4,5.4,0.0,21.7,43.6,89,11.82,2.84
2026-02-24,9.2,7.2,8.2,2.2,2.2,0.0,14.6,26.6,25,4.63,0.85
2026-02-25,11.7,6.4,9.1,0.0,0.0,0.0,17.0,32.8,101,8.2,1.32
2026-02-26,10.9,7.4,9.0,11.5,11.5,0.0,15.8,30.6,13,3.57,0.68
2026-02-27,10.4,7.2,8.8,0.3,0.3,0.0,11.8,23.0,352,4.42,0.78
2026-02-28,13.9,9.4,10.9,2.0,2.0,0.0,17.3,36.4,82,8.78,1.58
2026-03-01,11.6,9.4,10.4,23.7,23.7,0.0,13.3,24.1,23,2.08,0.41
2026-03-02,10.4,7.7,9.0,0.8,0.8,0.0,17.3,34.2,344,3.87,0.81
2026-03-03,11.4,5.6,8.7,0.1,0.1,0.0,13.1,27.4,25,10.74,1.63
2026-03-04,10.4,4.8,7.9,0.0,0.0,0.0,17.3,34.2,84,8.04,1.25
2026-03-05,11.4,5.2,8.1,0.0,0.0,0.0,16.0,32.0,342,8.95,1.39
2026-03-06,12.9,4.4,8.3,0.0,0.0,0.0,14.9,31.3,46,13.89,2.11
2026-03-07,11.2,3.3,7.5,0.0,0.0,0.0,18.5,34.2,68,17.16,2.6
2026-03-08,13.8,5.8,9.3,0.3,0.3,0.0,12.4,22.3,64,16.83,2.45
2026-03-09,14.6,6.9,10.2,0.0,0.0,0.0,13.8,29.9,38,16.82,2.72
2026-03-10,16.3,5.9,10.5,0.0,0.0,0.0,15.4,32.4,137,19.28,3.06
2026-03-11,18.1,8.2,11.4,1.3,1.3,0.0,18.7,40.7,91,15.27,2.49
2026-03-12,16.2,5.1,10.5,0.0,0.0,0.0,14.4,30.2,49,19.1,3.01
2026-03-13,15.2,6.3,10.7,0.0,0.0,0.0,14.9,32.4,102,19.79,3.03
2026-03-14,19.5,6.3,12.5,0.0,0.0,0.0,15.2,27.0,50,20.03,3.44
2026-03-15,12.4,8.9,10.6,5.4,5.4,0.0,15.6,26.3,9,5.33,1.25
2026-03-16,10.2,8.8,9.3,14.8,14.8,0.0,13.5,25.6,54,2.75,0.52
2026-03-17,10.9,8.4,9.8,14.4,14.4,0.0,15.4,29.2,62,2.69,0.51
2026-03-18,11.1,7.4,9.5,3.7,3.7,0.0,15.0,27.0,335,4.13,0.73
2026-03-19,13.2,6.3,9.6,0.0,0.0,0.0,8.8,21.6,137,11.98,1.72
2026-03-20,15.6,8.2,11.8,0.0,0.0,0.0,9.8,19.4,112,12.77,2.01
2026-03-21,16.1,7.7,11.9,0.0,0.0,0.0,15.1,32.4,110,20.51,2.96
2026-03-22,20.6,10.9,15.6,0.0,0.0,0.0,10.6,19.4,74,16.29,2.83
2026-03-23,18.2,13.4,15.5,0.0,0.0,0.0,14.3,29.9,65,8.72,2.1
2026-03-24,16.5,12.8,14.3,0.0,0.0,0.0,12.0,21.6,54,11.02,2.07
2026-03-25,19.1,9.1,14.4,0.0,0.0,0.0,8.1,19.4,113,20.83,3.44
2026-03-26,19.0,12.4,15.4,0.0,0.0,0.0,12.9,28.8,98,9.94,2.07
2026-03-27,19.0,12.5,15.3,1.0,1.0,0.0,9.7,19.4,51,15.69,2.66
2026-03-28,20.9,11.9,16.1,0.0,0.0,0.0,14.3,28.1,100,18.28,3.25
2026-03-29,24.0,11.9,18.3,0.1,0.1,0.0,9.3,19.1,122,19.75,3.7
2026-03-30,17.9,12.3,15.2,30.4,30.4,0.0,24.2,42.5,33,4.29,0.95
2026-03-31,16.4,10.8,13.8,0.0,0.0,0.0,10.8,19.4,10,7.36,1.37
2026-04-01,19.9,10.9,15.4,2.0,2.0,0.0,16.0,34.2,202,18.39,2.94
2026-04-02,22.1,13.8,17.6,0.1,0.1,0.0,16.3,33.5,144,15.73,2.88
2026-04-03,18.3,15.1,16.5,4.8,4.8,0.0,12.9,24.8,317,5.99,1.28
2026-04-04,22.4,13.0,17.6,0.1,0.1,0.0,11.2,21.6,223,20.62,3.63
2026-04-05,26.5,15.5,20.4,0.0,0.0,0.0,14.8,30.2,182,20.82,3.96
2026-04-06,24.5,15.8,19.4,0.0,0.0,0.0,17.8,35.6,354,13.72,2.96
2026-04-07,20.1,12.4,16.3,0.0,0.0,0.0,22.2,43.6,88,18.08,3.93
2026-04-08,21.0,13.4,16.9,3.3,3.3,0.0,20.1,40.3,119,13.67,3.36
2026-04-09,21.4,14.2,17.5,14.2,14.2,0.0,23.6,42.5,252,5.66,1.08
2026-04-10,24.0,13.2,18.1,0.0,0.0,0.0,6.9,16.6,20,15.43,2.8
2026-04-11,20.3,15.6,18.2,1.5,1.5,0.0,22.8,43.6,82,6.63,1.73
2026-04-12,17.1,14.6,15.7,2.7,2.7,0.0,15.9,29.9,52,6.47,1.41
2026-04-13,18.6,14.2,16.0,2.8,2.8,0.0,12.5,24.8,61,10.06,1.87
2026-04-14,19.2,13.4,16.4,3.4,3.4,0.0,7.7,17.6,357,11.87,2.13
2026-04-15,21.2,14.6,18.0,0.0,0.0,0.0,11.7,22.7,85,14.76,2.76
2026-04-16,20.5,16.4,18.2,2.3,2.3,0.0,14.8,25.2,88,10.11,1.94
2026-04-17,24.0,15.6,19.7,0.1,0.1,0.0,9.4,22.0,356,19.92,3.63
2026-04-18,23.5,17.2,20.1,0.0,0.0,0.0,10.6,19.8,90,21.08,3.94
2026-04-19,24.6,15.4,20.2,0.0,0.0,0.0,11.2,25.9,120,23.07,4.24
2026-04-20,19.9,13.4,16.4,0.0,0.0,0.0,25.2,47.5,13,8.33,1.86
2026-04-21,15.6,11.6,13.5,9.8,9.8,0.0,18.4,38.2,71,4.62,1.09
2026-04-22,13.4,11.4,12.3,8.8,8.8,0.0,16.9,33.5,324,3.28,0.7
2026-04-23,15.4,11.3,12.9,1.2,1.2,0.0,11.2,22.3,36,7.89,1.4
2026-04-24,19.6,8.8,14.6,0.0,0.0,0.0,10.6,24.1,120,22.61,3.68
2026-04-25,22.4,13.2,18.1,0.0,0.0,0.0,10.1,23.8,125,21.68,3.86
2026-04-26,26.5,15.3,21.0,0.0,0.0,0.0,10.9,21.2,154,23.44,4.55
2026-04-27,26.5,18.9,22.4,1.2,1.2,0.0,12.4,22.7,233,10.65,2.5
2026-04-28,20.0,12.1,14.9,14.1,14.1,0.0,21.9,38.9,72,4.21,1.08
2026-04-29,15.3,10.8,13.0,4.8,4.8,0.0,14.2,29.5,62,9.07,1.66
2026-04-30,19.7,8.6,14.4,0.0,0.0,0.0,10.7,22.0,195,24.6,4.12
2026-05-01,23.9,11.2,17.9,0.0,0.0,0.0,15.1,31.0,142,24.65,4.61
2026-05-02,20.2,15.4,18.1,3.9,3.9,0.0,11.7,22.0,186,5.09,1.28
2026-05-03,21.9,15.2,17.9,0.3,0.3,0.0,24.8,48.6,301,21.45,3.83
2026-05-04,26.5,13.9,19.9,0.0,0.0,0.0,13.1,24.5,194,23.71,5.02
2026-05-05,26.5,15.5,21.2,0.0,0.0,0.0,18.2,36.7,177,25.01,5.4
2026-05-06,27.9,18.0,22.9,0.0,0.0,0.0,20.2,40.3,179,24.11,5.33
2026-05-07,23.4,17.1,20.2,2.2,2.2,0.0,22.1,41.4,346,6.62,1.94
2026-05-08,21.1,15.6,18.0,0.0,0.0,0.0,11.9,24.1,104,17.69,3.77
2026-05-09,24.1,13.1,18.8,0.0,0.0,0.0,12.1,24.1,152,25.3,4.84
2026-05-10,27.0,16.1,21.5,0.0,0.0,0.0,14.6,29.2,186,24.78,5.13
2026-05-11,29.8,18.3,23.9,0.0,0.0,0.0,16.7,31.0,180,24.89,5.31
2026-05-12,32.2,19.9,25.9,0.0,0.0,0.0,13.2,29.2,188,22.13,4.99
2026-05-13,31.0,22.6,26.5,0.0,0.0,0.0,15.3,32.4,163,21.31,4.91
